authorLast,authorFirst,bookTitle,pubYear,pageCount,listName,listRank,bookType,bookAudience,language,primaryGenre,charGender,authorCount,linkGR,linkLT,authorDOB,authorGender,authorAge,authorRace,authorNationality,countGR,ratingGR,countLT,ratingLT
Acker,Kathy,In Memoriam to Identity,1990,272,American Book Review,99,Novel,Adult,English,Experimental,Mixed,Primary,https://www.goodreads.com/book/show/146899.In_Memoriam_to_Identity,http://www.librarything.com/work/120165/book/64213623,1947,Female,42,White,American,370,3.85,246,3.57
Adams,Douglas,The Hitchhiker's Guide to the Galaxy,1979,208,Modern Library Readers,52,Novel,Adult,English,Sci-fi,Male,Primary,https://www.goodreads.com/book/show/386162.The_Hitchhiker_s_Guide_to_the_Galaxy,http://www.librarything.com/work/2492277/book/11270874,1952,Male,26,White,English,1279220,4.22,30470,4.21
Adams,Richard,Watership Down,1972,458,Modern Library Readers,79,Novel,YA,English,Fantasy,Male,Primary,https://www.goodreads.com/book/show/76620.Watership_Down,http://www.librarything.com/work/1537/book/11270703,1920,Male,51,White,English,403313,4.05,19518,4.22
Anderson,Sherwood,"Winesburg, Ohio",1919,230,Modern Library Board,24,Stories,Adult,English,Literary fiction,Mixed,Primary,https://www.goodreads.com/book/show/80176.Winesburg_Ohio,http://www.librarything.com/work/3431/book/52373306,1876,Male,42,White,American,28561,3.84,4826,3.8
Anderson,Sherwood,"Winesburg, Ohio",1919,230,American Book Review,87,Stories,Adult,English,Literary fiction,Mixed,Primary,https://www.goodreads.com/book/show/80176.Winesburg_Ohio,http://www.librarything.com/work/3431/book/52373306,1876,Male,42,White,American,28561,3.84,4826,3.8
Atwood,Margaret,The Handmaid's Tale,1985,325,Modern Library Readers,53,Novel,Adult,English,Sci-fi,Female,Primary,https://www.goodreads.com/book/show/38447.The_Handmaid_s_Tale,http://www.librarything.com/work/1667444/book/11693160,1939,Female,45,White,Canadian,1228624,4.1,30775,4.109999999999999
Auster,Paul,City of Glass,1985,208,American Book Review,69,Novel,Adult,English,Experimental,Male,Primary,https://www.goodreads.com/book/show/432.City_of_Glass,http://www.librarything.com/work/6517674/book/93109062,1947,Male,37,White,American,13809,3.79,1183,3.72
Auster,Paul,Ghosts,1986,96,American Book Review,69,Novel,Adult,English,Experimental,Male,Primary,https://www.goodreads.com/book/show/434.Ghosts,http://www.librarything.com/work/1907966/book/93109077,1947,Male,38,White,American,4300,3.64,381,3.59
Auster,Paul,The Locked Room,1986,192,American Book Review,69,Novel,Adult,English,Experimental,Male,Primary,https://www.goodreads.com/book/show/435.The_Locked_Room,http://www.librarything.com/work/2997/book/93109093,1947,Male,38,White,American,3614,3.89,333,3.71
Bach,Richard,Illusions,1977,144,Modern Library Readers,98,Novel,Adult,English,Literary fiction,Male,Primary,https://www.goodreads.com/book/show/29946.Illusions,http://www.librarything.com/work/35123/book/157045890,1936,Male,40,White,American,54077,4.15,3915,3.9299999999999997
Baldwin,James,Go Tell It on the Mountain,1953,240,Modern Library Board,39,Novel,Adult,English,Literary fiction,Male,Primary,https://www.goodreads.com/book/show/17143.Go_Tell_It_on_the_Mountain,http://www.librarything.com/work/8090/book/87205573,1924,Male,28,Black,American,39622,4.02,4038,3.8899999999999997
Ballard,J.G.,Crash,1973,224,American Book Review,40,Novel,Adult,English,Experimental,Male,Primary,https://www.goodreads.com/book/show/70241.Crash,http://www.librarything.com/work/7140/book/34800674,1930,Male,42,White,English,20343,3.59,2902,3.46
Barnes,Djuna,Nightwood,1936,208,American Book Review,52,Novel,Adult,English,Experimental,Mixed,Primary,https://www.goodreads.com/book/show/53101.Nightwood,http://www.librarything.com/work/12916/book/51581640,1892,Female,43,White,American,8349,3.66,2387,3.51
Barth,John,The Sot-Weed Factor,1960,768,American Book Review,42,Novel,Adult,English,Experimental,Male,Primary,https://www.goodreads.com/book/show/24835.The_Sot_Weed_Factor,http://www.librarything.com/work/46069/book/24187452,1930,Male,29,White,American,6630,4.09,1719,4.2
Barthelme,Donald,Sixty Stories,1981,480,American Book Review,25,Stories,Adult,English,Experimental,Mixed,Primary,https://www.goodreads.com/book/show/118345.Sixty_Stories,http://www.librarything.com/work/29676/book/64303109,1931,Male,49,White,American,5384,4.2,1336,4.14
Beckett,Samuel,Malone Dies,1951,210,American Book Review,6,Novel,Adult,French,Experimental,Male,Primary,https://www.goodreads.com/book/show/54042.Malone_Dies,http://www.librarything.com/work/103067/book/28883357,1906,Male,44,White,Irish,3463,3.88,657,3.82
Beckett,Samuel,Molloy,1951,256,American Book Review,6,Novel,Adult,French,Experimental,Male,Primary,https://www.goodreads.com/book/show/446542.Molloy,http://www.librarything.com/work/56659/book/28883322,1906,Male,44,White,Irish,5695,4.06,858,4.03
Beckett,Samuel,The Unnamable,1953,186,American Book Review,6,Novel,Adult,French,Experimental,Male,Primary,https://www.goodreads.com/book/show/78457.The_Unnamable,http://www.librarything.com/work/276374/book/28883399,1906,Male,46,White,Irish,1877,4.02,393,3.92
Beerbohm,Max,Zuleika Dobson,1911,220,Modern Library Board,59,Novel,Adult,English,Literary fiction,Male,Primary,https://www.goodreads.com/book/show/778463.Zuleika_Dobson,http://www.librarything.com/work/19983/book/87205989,1872,Male,38,White,English,4200,3.53,1405,3.4299999999999997
Bellow,Saul,Henderson the Rain King,1959,368,Modern Library Board,21,Novel,Adult,English,Literary fiction,Male,Primary,https://www.goodreads.com/book/show/52783.Henderson_the_Rain_King,http://www.librarything.com/work/10091/book/87205228,1915,Male,43,White,Canadian,13463,3.78,2403,3.72
Bellow,Saul,The Adventures of Augie March,1953,608,Modern Library Board,81,Novel,Adult,English,Literary fiction,Male,Primary,https://www.goodreads.com/book/show/11908.The_Adventures_of_Augie_March,http://www.librarything.com/work/7836/book/52377840,1915,Male,37,White,Canadian,15909,3.84,3078,3.88
Bennett,Arnold,The Old Wives' Tale,1908,538,Modern Library Board,87,Novel,Adult,English,Literary fiction,Female,Primary,https://www.goodreads.com/book/show/188454.The_Old_Wives_Tale,http://www.librarything.com/work/58156/book/87207593,1867,Male,40,White,English,3862,3.82,1273,3.8899999999999997
Bowen,Elizabeth,The Death of the Heart,1938,432,Modern Library Board,84,Novel,Adult,English,Romance,Female,Primary,https://www.goodreads.com/book/show/91494.The_Death_of_the_Heart,http://www.librarything.com/work/104468/book/87207664,1899,Female,38,White,Irish,6105,3.69,1357,3.79
Bowles,Paul,The Sheltering Sky,1949,352,Modern Library Board,97,Novel,Adult,English,Literary fiction,Mixed,Primary,https://www.goodreads.com/book/show/243598.The_Sheltering_Sky,http://www.librarything.com/work/70629/book/64302760,1910,Male,38,White,American,23260,3.91,3503,3.84
Bowles,Paul,The Sheltering Sky,1949,352,Modern Library Readers,92,Novel,Adult,English,Literary fiction,Mixed,Primary,https://www.goodreads.com/book/show/243598.The_Sheltering_Sky,http://www.librarything.com/work/70629/book/64302760,1910,Male,38,White,American,23260,3.91,3503,3.84
Bowles,Paul,The Sheltering Sky,1949,352,American Book Review,83,Novel,Adult,English,Literary fiction,Mixed,Primary,https://www.goodreads.com/book/show/243598.The_Sheltering_Sky,http://www.librarything.com/work/70629/book/64302760,1910,Male,38,White,American,23260,3.91,3503,3.84
Bradbury,Ray,Fahrenheit 451,1953,249,Modern Library Readers,77,Novel,YA,English,Sci-fi,Male,Primary,https://www.goodreads.com/book/show/13079982-fahrenheit-451,http://www.librarything.com/work/4248/book/11714726,1920,Male,32,White,American,1480712,3.98,40083,4.03
Bradbury,Ray,Something Wicked This Way Comes,1962,304,Modern Library Readers,65,Novel,YA,English,Horror,Male,Primary,https://www.goodreads.com/book/show/248596.Something_Wicked_This_Way_Comes,http://www.librarything.com/work/3397/book/22131052,1920,Male,41,White,American,89152,3.94,8484,3.98
Burgess,Anthony,A Clockwork Orange,1962,192,Modern Library Board,65,Novel,Adult,English,Sci-fi,Male,Primary,https://www.goodreads.com/book/show/41817486-a-clockwork-orange,http://www.librarything.com/work/1473/book/11716978,1917,Male,44,White,English,548348,3.99,20620,4.01
Burgess,Anthony,A Clockwork Orange,1962,192,Modern Library Readers,55,Novel,Adult,English,Sci-fi,Male,Primary,https://www.goodreads.com/book/show/41817486-a-clockwork-orange,http://www.librarything.com/work/1473/book/11716978,1917,Male,44,White,English,548348,3.99,20620,4.01
Burgess,Anthony,A Clockwork Orange,1962,192,American Book Review,79,Novel,Adult,English,Sci-fi,Male,Primary,https://www.goodreads.com/book/show/41817486-a-clockwork-orange,http://www.librarything.com/work/1473/book/11716978,1917,Male,44,White,English,548348,3.99,20620,4.01
Burroughs,William S.,Naked Lunch,1959,308,Modern Library Readers,80,Novel,Adult,English,Experimental,Male,Primary,https://www.goodreads.com/book/show/7437.Naked_Lunch,http://www.librarything.com/work/5852/book/16589987,1914,Male,44,White,American,71980,3.46,9326,3.53
Burroughs,William S.,Nova Express,1964,190,American Book Review,8,Novel,Adult,English,Experimental,Male,Primary,https://www.goodreads.com/book/show/23931.Nova_Express,http://www.librarything.com/work/23087/book/50184078,1914,Male,49,White,American,2710,3.68,882,3.55
Burroughs,William S.,The Soft Machine,1961,184,American Book Review,8,Novel,Adult,English,Experimental,Male,Primary,https://www.goodreads.com/book/show/23937.The_Soft_Machine,http://www.librarything.com/work/67955/book/25964588,1914,Male,46,White,American,6412,3.35,1223,3.38
Burroughs,William S.,The Ticket that Exploded,1962,192,American Book Review,8,Novel,Adult,English,Experimental,Male,Primary,https://www.goodreads.com/book/show/600506.The_Ticket_That_Exploded,http://www.librarything.com/work/82169/book/64294423,1914,Male,47,White,American,2123,3.63,802,3.54
Butler,Samuel,The Way of All Flesh,1903,320,Modern Library Board,12,Novel,Adult,English,Literary fiction,Male,Primary,https://www.goodreads.com/book/show/126512.The_Way_of_All_Flesh,http://www.librarything.com/work/11895/book/24406204,1835,Male,67,White,English,8055,3.61,2874,3.54
Cain,James M.,The Postman Always Rings Twice,1934,128,Modern Library Board,98,Novel,Adult,English,Mystery,Male,Primary,https://www.goodreads.com/book/show/25807.The_Postman_Always_Rings_Twice,http://www.librarything.com/work/12504/book/26005453,1892,Male,41,White,American,28483,3.8,2620,3.73
Caldwell,Erskine,Tobacco Road,1932,192,Modern Library Board,91,Novel,Adult,English,Literary fiction,Male,Primary,https://www.goodreads.com/book/show/59091.Tobacco_Road,http://www.librarything.com/work/147778/book/55690406,1903,Male,28,White,American,13259,3.73,1258,3.38
Card,Orson Scott,Ender's Game,1985,352,Modern Library Readers,59,Novel,YA,English,Sci-fi,Male,Primary,https://www.goodreads.com/book/show/375802.Ender_s_Game,http://www.librarything.com/work/825739,1951,Male,33,White,American,1035015,4.3,33266,4.33
Carver,Raymond,What We Talk About When We Talk About Love,1981,176,American Book Review,62,Stories,Adult,English,Literary fiction,Male,Primary,https://www.goodreads.com/book/show/11438.What_We_Talk_About_When_We_Talk_About_Love,http://www.librarything.com/work/3621/book/21671396,1938,Male,42,White,American,42097,4.18,3039,4.1499999999999995
Cather,Willa,Death Comes for the Archbishop,1927,300,Modern Library Board,61,Novel,Adult,English,Literary fiction,Male,Primary,https://www.goodreads.com/book/show/545951.Death_Comes_for_the_Archbishop,http://www.librarything.com/work/11813/book/87206013,1873,Female,53,White,American,27861,3.9,4515,4.01
Cather,Willa,My Antonia,1918,256,Modern Library Readers,94,Novel,Adult,English,Literary fiction,Female,Primary,https://www.goodreads.com/book/show/17150.My_ntonia,http://www.librarything.com/work/4834/book/87211076,1873,Female,44,White,American,113827,3.78,10905,3.92
Cheever,John,The Wapshot Chronicle,1957,576,Modern Library Board,63,Novel,Adult,English,Literary fiction,Male,Primary,https://www.goodreads.com/book/show/11890.The_Wapshot_Chronicle,http://www.librarything.com/work/37525/book/87206072,1912,Male,44,White,American,6581,3.77,1328,3.7
Clancy,Tom,The Hunt for Red October,1984,656,Modern Library Readers,81,Novel,Adult,English,Mystery,Male,Primary,https://www.goodreads.com/book/show/19691.The_Hunt_for_Red_October,http://www.librarything.com/work/828677/book/157045877,1947,Male,36,White,American,316065,4.06,8902,3.9899999999999998
Coetzee,J.M,Waiting for the Barbarians,1980,192,American Book Review,92,Novel,Adult,English,Literary fiction,Male,Primary,https://www.goodreads.com/book/show/6194.Waiting_for_the_Barbarians,http://www.librarything.com/work/3619/book/64293912,1940,Male,39,White,South African,22902,3.93,3447,3.96
Conrad,Joseph,Heart of Darkness,1899,102,Modern Library Readers,43,Novel,Adult,English,Literary fiction,Male,Primary,https://www.goodreads.com/book/show/4900.Heart_of_Darkness,http://www.librarything.com/work/2575/book/11720258,1857,Male,41,White,Polish,376459,3.42,18218,3.57
Conrad,Joseph,Heart of Darkness,1899,102,Modern Library Board,67,Novel,Adult,English,Literary fiction,Male,Primary,https://www.goodreads.com/book/show/4900.Heart_of_Darkness,http://www.librarything.com/work/2575/book/11720258,1857,Male,41,White,Polish,376459,3.42,18218,3.57
Conrad,Joseph,Heart of Darkness,1899,102,American Book Review,28,Novel,Adult,English,Literary fiction,Male,Primary,https://www.goodreads.com/book/show/4900.Heart_of_Darkness,http://www.librarything.com/work/2575/book/11720258,1857,Male,41,White,Polish,376459,3.42,18218,3.57
Conrad,Joseph,Lord Jim,1900,400,Modern Library Board,85,Novel,Adult,English,Literary fiction,Male,Primary,https://www.goodreads.com/book/show/12194.Lord_Jim,http://www.librarything.com/work/15933/book/24408782,1857,Male,42,White,Polish,26050,3.62,7141,3.69
Conrad,Joseph,Nostromo,1904,336,Modern Library Board,47,Novel,Adult,English,Literary fiction,Male,Primary,https://www.goodreads.com/book/show/115476.Nostromo,http://www.librarything.com/work/48887/book/26731706,1857,Male,46,White,Polish,14741,3.82,3766,3.79
Conrad,Joseph,The Secret Agent,1907,304,Modern Library Board,46,Novel,Adult,English,Mystery,Male,Primary,https://www.goodreads.com/book/show/86658.The_Secret_Agent,http://www.librarything.com/work/7220/book/26731702,1857,Male,49,White,Polish,17303,3.59,5184,3.62
Coover,Robert,Pricksongs and Descants,1967,256,American Book Review,74,Stories,Adult,English,Experimental,Male,Primary,https://www.goodreads.com/book/show/156194.Pricksongs_and_Descants,http://www.librarything.com/work/271307/book/28304106,1932,Male,34,White,American,1188,3.8,537,3.6
Coover,Robert,The Public Burning,1977,544,American Book Review,4,Novel,Adult,English,Literary fiction,Male,Primary,https://www.goodreads.com/book/show/156198.The_Public_Burning,http://www.librarything.com/work/156736/book/30700490,1932,Male,44,White,American,1115,4.02,519,3.8299999999999996
Coover,Robert,"The Universal Baseball Association, Inc., J. Henry Waugh, Prop.",1968,256,American Book Review,90,Novel,Adult,English,Literary fiction,Male,Primary,https://www.goodreads.com/book/show/156192.The_Universal_Baseball_Association_Inc_J_Henry_Waugh_Prop_,http://www.librarything.com/work/90892/book/34147000,1932,Male,35,White,American,1901,3.83,591,3.73
Davies,Robertson,Fifth Business,1970,252,Modern Library Readers,40,Novel,Adult,English,NA,Male,NA,https://www.goodreads.com/book/show/74406.Fifth_Business,http://www.librarything.com/work/370/book/44213589,1913,Male,56,White,Canadian,15800,4.05,2733,4.159999999999999
Davies,Robertson,The Cunning Man,1994,480,Modern Library Readers,99,Novel,Adult,English,NA,Male,NA,https://www.goodreads.com/book/show/132293.The_Cunning_Man,http://www.librarything.com/work/14966/book/55330588,1913,Male,80,White,Canadian,2486,3.92,1372,3.9
de Lint,Charles,Greenmantle,1988,384,Modern Library Readers,58,Novel,Adult,English,Fantasy,Male,Primary,https://www.goodreads.com/book/show/186423.Greenmantle,http://www.librarything.com/work/36146/book/157045863,1951,Male,36,White,Canadian,3150,4,976,3.8899999999999997
de Lint,Charles,Memory and Dream,1994,400,Modern Library Readers,47,Novel,Adult,English,Fantasy,Female,Primary,https://www.goodreads.com/book/show/186439.Memory_and_Dream,http://www.librarything.com/work/36164/book/157045834,1951,Male,42,White,Canadian,4883,4.23,1440,4.1
de Lint,Charles,Moonheart,1984,448,Modern Library Readers,35,Novel,Adult,English,Fantasy,Male,Primary,https://www.goodreads.com/book/show/618174.Moonheart,http://www.librarything.com/work/36165/book/157045824,1951,Male,32,White,Canadian,5835,4.06,1673,4.04
de Lint,Charles,Mulengro,1985,400,Modern Library Readers,95,Novel,Adult,English,Fantasy,Male,Primary,https://www.goodreads.com/book/show/258475.Mulengro,http://www.librarything.com/work/99028/book/157045878,1951,Male,33,White,Canadian,1373,3.88,610,3.72
de Lint,Charles,Someplace to be Flying,1998,384,Modern Library Readers,41,Novel,Adult,English,Fantasy,Male,Primary,https://www.goodreads.com/book/show/186427.Someplace_to_Be_Flying,http://www.librarything.com/work/32411/book/157045825,1951,Male,46,White,Canadian,5376,4.31,1417,4.25
de Lint,Charles,The Little Country,1991,544,Modern Library Readers,60,Novel,Adult,English,Fantasy,Male,Primary,https://www.goodreads.com/book/show/186445.The_Little_Country,http://www.librarything.com/work/32432/book/157045870,1951,Male,39,White,Canadian,3932,4.07,1362,3.92
de Lint,Charles,Trader,1997,352,Modern Library Readers,50,Novel,Adult,English,Fantasy,Male,Primary,https://www.goodreads.com/book/show/186419.Trader,http://www.librarything.com/work/32455/book/157045855,1951,Male,45,White,Canadian,2727,4.09,949,3.9299999999999997
de Lint,Charles,Yarrow,1986,244,Modern Library Readers,44,Novel,Adult,English,Fantasy,Female,Primary,https://www.goodreads.com/book/show/186437.Yarrow,http://www.librarything.com/work/134281/book/141031725,1951,Male,34,White,Canadian,2415,3.91,960,3.82
DeLillo,Don,Libra,1988,480,American Book Review,55,Novel,Adult,English,Literary fiction,Male,Primary,https://www.goodreads.com/book/show/400.Libra,http://www.librarything.com/work/968545/book/10084806,1936,Male,51,White,American,13162,3.99,3013,3.84
DeLillo,Don,Underworld,1997,832,American Book Review,19,Novel,Adult,English,Literary fiction,Male,Primary,https://www.goodreads.com/book/show/11761.Underworld,http://www.librarything.com/work/1154769/book/24429543,1936,Male,60,White,American,25211,3.92,6672,3.8899999999999997
Dick,Philip K.,The Man in the High Castle,1962,272,American Book Review,75,Novel,Adult,English,Sci-fi,Mixed,Primary,https://www.goodreads.com/book/show/216363.The_Man_in_the_High_Castle,http://www.librarything.com/work/16570/book/55399991,1928,Male,33,White,American,151781,3.62,10099,3.71
Dickey,James,Deliverance,1970,253,Modern Library Board,42,Novel,Adult,English,Mystery,Male,Primary,https://www.goodreads.com/book/show/592657.Deliverance,http://www.librarything.com/work/69712/book/24415090,1923,Male,46,White,American,28796,3.88,2068,3.9
Doctorow,E.L.,Ragtime,1975,336,Modern Library Board,86,Novel,Adult,English,Experimental,Mixed,Primary,https://www.goodreads.com/book/show/175675.Ragtime,http://www.librarything.com/work/25237/book/24415098,1931,Male,43,White,American,35450,3.88,5111,3.84
Donleavy,J.P.,The Ginger Man,1955,348,Modern Library Board,99,Novel,Adult,English,Literary fiction,Male,Primary,https://www.goodreads.com/book/show/127020.The_Ginger_Man,http://www.librarything.com/work/12942/book/87207013,1926,Male,28,White,American,9483,3.65,1548,3.48
Dos Passos,John,"""1919""",1932,464,Modern Library Board,23,Novel,Adult,English,Literary fiction,Male,Primary,https://www.goodreads.com/book/show/7104.1919,http://www.librarything.com/work/10137880/book/64294386,1896,Male,35,White,American,2373,4,840,3.9299999999999997
Dos Passos,John,"""1919""",1932,464,American Book Review,58,Novel,Adult,English,Literary fiction,Male,Primary,https://www.goodreads.com/book/show/7104.1919,http://www.librarything.com/work/10137880/book/64294386,1896,Male,35,White,American,2373,4,840,3.9299999999999997
Dos Passos,John,The 42nd Parallel,1930,448,Modern Library Board,23,Novel,Adult,English,Literary fiction,Male,Primary,https://www.goodreads.com/book/show/7101.The_42nd_Parallel?from_search=true&qid=nqsZcOmUtX&rank=1,http://www.librarything.com/work/192967/book/64294376,1896,Male,33,White,American,5740,3.82,1218,3.86
Dos Passos,John,The 42nd Parallel,1930,448,American Book Review,58,Novel,Adult,English,Literary fiction,Male,Primary,https://www.goodreads.com/book/show/7101.The_42nd_Parallel?from_search=true&qid=nqsZcOmUtX&rank=1,http://www.librarything.com/work/192967/book/64294376,1896,Male,33,White,American,5740,3.82,1218,3.86
Dos Passos,John,The Big Money,1936,528,Modern Library Board,23,Novel,Adult,English,Literary fiction,Male,Primary,https://www.goodreads.com/book/show/7103.The_Big_Money,http://www.librarything.com/work/128206/book/64294400,1896,Male,39,White,American,2256,4.03,762,3.9099999999999997
Dos Passos,John,The Big Money,1936,528,American Book Review,58,Novel,Adult,English,Literary fiction,Male,Primary,https://www.goodreads.com/book/show/7103.The_Big_Money,http://www.librarything.com/work/128206/book/64294400,1896,Male,39,White,American,2256,4.03,762,3.9099999999999997
Dreiser,Theodore,An American Tragedy,1925,880,American Book Review,96,Novel,Adult,English,Literary fiction,Male,Primary,https://www.goodreads.com/book/show/331319.An_American_Tragedy,http://www.librarything.com/work/28772/book/24415129,1871,Male,53,White,American,30663,3.95,3279,3.9699999999999998
Dreiser,Theodore,An American Tragedy,1925,880,Modern Library Board,16,Novel,Adult,English,Literary fiction,Male,Primary,https://www.goodreads.com/book/show/331319.An_American_Tragedy,http://www.librarything.com/work/28772/book/24415129,1871,Male,53,White,American,30663,3.95,3279,3.9699999999999998
Dreiser,Theodore,Sister Carrie,1900,496,Modern Library Board,33,Novel,Adult,English,Literary fiction,Female,Primary,https://www.goodreads.com/book/show/126609.Sister_Carrie,http://www.librarything.com/work/36059/book/24415126,1871,Male,28,White,American,35454,3.75,3381,3.75
Ducornet,Rikki,Entering Fire,1986,168,American Book Review,35,Novel,Adult,English,Experimental,Female,Primary,https://www.goodreads.com/book/show/907037.Entering_Fire,http://www.librarything.com/work/845191/book/64294222,1943,Female,42,White,American,99,4.1,61,3.56
Ducornet,Rikki,The Fountains of Neptune,1989,224,American Book Review,35,Novel,Adult,English,Experimental,Female,Primary,https://www.goodreads.com/book/show/379259.The_Fountains_of_Neptune,http://www.librarything.com/work/123888/book/64294241,1943,Female,45,White,American,159,4.15,81,3.44
Ducornet,Rikki,The Jade Cabinet,1993,158,American Book Review,35,Novel,Adult,English,Experimental,Female,Primary,https://www.goodreads.com/book/show/379261.The_Jade_Cabinet,http://www.librarything.com/work/467934/book/64294247,1943,Female,49,White,American,220,4.04,100,3.74
Ducornet,Rikki,The Stain,1984,223,American Book Review,35,Novel,Adult,English,Experimental,Female,Primary,https://www.goodreads.com/book/show/379260.The_Stain,http://www.librarything.com/work/478943/book/64294178,1943,Female,40,White,American,209,3.83,78,4.05
Durrell,Lawrence,Balthazar,1958,280,Modern Library Board,70,Novel,Adult,English,Literary fiction,Male,Primary,https://www.goodreads.com/book/show/13036.Balthazar,http://www.librarything.com/work/39387/book/29980537,1912,Male,45,White,English,2770,4.14,1260,3.9499999999999997
Durrell,Lawrence,Clea,1960,288,Modern Library Board,70,Novel,Adult,English,Literary fiction,Male,Primary,https://www.goodreads.com/book/show/13039.Clea,http://www.librarything.com/work/39392/book/30947418,1912,Male,47,White,English,2169,4.18,1192,3.9099999999999997
Durrell,Lawrence,Justine,1957,256,Modern Library Board,70,Novel,Adult,English,Literary fiction,Male,Primary,https://www.goodreads.com/book/show/13037.Justine,http://www.librarything.com/work/32383/book/29980528,1912,Male,44,White,English,6392,3.9,2143,3.8
Durrell,Lawrence,Mountolive,1958,320,Modern Library Board,70,Novel,Adult,English,Literary fiction,Male,Primary,https://www.goodreads.com/book/show/126710.Mountolive,http://www.librarything.com/work/39401/book/30947415,1912,Male,45,White,English,2345,4.21,1189,3.96
Durrell,Lawrence,The Alexandria Quartet,1960,884,Modern Library Board,70,Anthology,Adult,English,Literary fiction,Male,Primary,https://www.goodreads.com/book/show/13033.The_Alexandria_Quartet,http://www.librarything.com/work/29417,1912,Male,47,White,English,10904,4.17,1676,4.31
Eastlake,William,Go in Beauty,1956,279,American Book Review,67,Novel,Adult,English,Western,Male,Primary,https://www.goodreads.com/book/show/789392.Go_in_Beauty,http://www.librarything.com/work/3905849/book/64302195,1917,Male,38,White,American,30,4.33,10,4
Eastlake,William,Portrait of an Artist with Twenty-six Horses,1963,210,American Book Review,67,Novel,Adult,English,Western,Male,Primary,https://www.goodreads.com/book/show/776929.Portrait_of_an_Artist_with_Twenty_Six_Horses,http://www.librarything.com/work/2022614/book/64302224,1917,Male,45,White,American,25,3.96,30,3.25
Eastlake,William,The Bronc People,1958,254,American Book Review,67,Novel,Adult,English,Western,Male,Primary,https://www.goodreads.com/book/show/2625577-the-bronc-people,http://www.librarything.com/work/2988469/book/64302210,1917,Male,40,White,American,32,4.28,19,3.88
Eddison,E.R.,The Worm Ouroboros,1922,445,Modern Library Readers,32,Novel,Adult,English,Fantasy,Male,Primary,https://www.goodreads.com/book/show/13624.The_Worm_Ouroboros,http://www.librarything.com/work/24498/book/24431579,1882,Male,39,White,English,3931,3.7,1809,3.66
Elkin,Stanley,The Franchiser,1976,341,American Book Review,68,Novel,Adult,English,Literary fiction,Male,Primary,https://www.goodreads.com/book/show/356205.The_Franchiser,http://www.librarything.com/work/156731/book/51518543,1930,Male,45,White,American,242,3.98,138,3.9
Ellis,Bret Easton,American Psycho,1991,399,American Book Review,76,Novel,Adult,English,Experimental,Male,Primary,https://www.goodreads.com/book/show/28676.American_Psycho,http://www.librarything.com/work/7135/book/11722477,1964,Male,26,White,American,216172,3.82,11070,3.72
Ellison,Ralph,Invisible Man,1952,608,Modern Library Board,19,Novel,Adult,English,Literary fiction,Male,Primary,https://www.goodreads.com/book/show/16981.Invisible_Man,http://www.librarything.com/work/2203/book/24431682,1914,Male,37,Black,American,146138,3.86,12476,3.9899999999999998
Ellison,Ralph,Invisible Man,1952,608,Modern Library Readers,69,Novel,Adult,English,Literary fiction,Male,Primary,https://www.goodreads.com/book/show/16981.Invisible_Man,http://www.librarything.com/work/2203/book/24431682,1914,Male,37,Black,American,146138,3.86,12476,3.9899999999999998
Ellison,Ralph,Invisible Man,1952,608,American Book Review,18,Novel,Adult,English,Literary fiction,Male,Primary,https://www.goodreads.com/book/show/16981.Invisible_Man,http://www.librarything.com/work/2203/book/24431682,1914,Male,37,Black,American,146138,3.86,12476,3.9899999999999998
Erickson,Steve,Tours of the Black Clock,1989,320,American Book Review,98,Novel,Adult,English,Sci-fi,Male,Primary,https://www.goodreads.com/book/show/7839.Tours_of_the_Black_Clock,http://www.librarything.com/work/68067/book/64293787,1950,Male,38,White,American,781,4.01,273,3.72
Farrell,James T.,Judgment Day,1935,472,Modern Library Board,29,Novel,Adult,English,Literary fiction,Male,Primary,https://www.goodreads.com/book/show/3462109-judgment-day,http://www.librarything.com/work/1879073/book/87205341,1904,Male,30,White,American,97,3.62,38,3.8299999999999996
Farrell,James T.,Studs Lonigan,1935,988,Modern Library Board,29,Anthology,Adult,English,Literary fiction,Male,Primary,https://www.goodreads.com/book/show/126603.Studs_Lonigan,http://www.librarything.com/work/147355,1904,Male,30,White,American,2179,3.81,810,3.88
Farrell,James T.,Young Lonigan,1932,224,Modern Library Board,29,Novel,Adult,English,Literary fiction,Male,Primary,https://www.goodreads.com/book/show/169810.Young_Lonigan,http://www.librarything.com/work/191363/book/87205306,1904,Male,27,White,American,1081,3.48,156,3.4499999999999997
Farrell,James T.,Young Manhood of Studs Lonigan,1934,424,Modern Library Board,29,Novel,Adult,English,Literary fiction,Male,Primary,https://www.goodreads.com/book/show/1245710.The_Young_Manhood_of_Studs_Lonigan,http://www.librarything.com/work/1198419/book/87205324,1904,Male,29,White,American,132,3.58,50,3.79
Faulkner,William,"Absalom, Absalom!",1936,320,American Book Review,32,Novel,Adult,English,Experimental,Male,Primary,https://www.goodreads.com/book/show/373755.Absalom_Absalom_,http://www.librarything.com/work/12624/book/31087204,1897,Male,38,White,American,37078,3.96,6091,4.14
Faulkner,William,"Absalom, Absalom!",1936,320,Modern Library Readers,36,Novel,Adult,English,Experimental,Male,Primary,https://www.goodreads.com/book/show/373755.Absalom_Absalom_,http://www.librarything.com/work/12624/book/31087204,1897,Male,38,White,American,37078,3.96,6091,4.14
Faulkner,William,As I Lay Dying,1930,250,Modern Library Readers,67,Novel,Adult,English,Experimental,Mixed,Primary,https://www.goodreads.com/book/show/77013.As_I_Lay_Dying,http://www.librarything.com/work/3360/book/52687598,1897,Male,32,White,American,127888,3.71,11719,3.9
Faulkner,William,As I Lay Dying,1930,250,Modern Library Board,45,Novel,Adult,English,Experimental,Mixed,Primary,https://www.goodreads.com/book/show/77013.As_I_Lay_Dying,http://www.librarything.com/work/3360/book/52687598,1897,Male,32,White,American,127888,3.71,11719,3.9
Faulkner,William,Light in August,1932,512,Modern Library Readers,89,Novel,Adult,English,Experimental,Male,Primary,https://www.goodreads.com/book/show/10979.Light_in_August,http://www.librarything.com/work/3384/book/51819644,1897,Male,34,White,American,50631,3.94,7491,4.01
Faulkner,William,Light in August,1932,512,Modern Library Board,54,Novel,Adult,English,Experimental,Male,Primary,https://www.goodreads.com/book/show/10979.Light_in_August,http://www.librarything.com/work/3384/book/51819644,1897,Male,34,White,American,50631,3.94,7491,4.01
Faulkner,William,The Sound and the Fury,1929,336,American Book Review,5,Novel,Adult,English,Experimental,Male,Primary,https://www.goodreads.com/book/show/10975.The_Sound_and_the_Fury,http://www.librarything.com/work/3423/book/24443750,1897,Male,31,White,American,150572,3.86,13607,3.98
Faulkner,William,The Sound and the Fury,1929,336,Modern Library Readers,33,Novel,Adult,English,Experimental,Male,Primary,https://www.goodreads.com/book/show/10975.The_Sound_and_the_Fury,http://www.librarything.com/work/3423/book/24443750,1897,Male,31,White,American,150572,3.86,13607,3.98
Faulkner,William,The Sound and the Fury,1929,336,Modern Library Board,6,Novel,Adult,English,Experimental,Male,Primary,https://www.goodreads.com/book/show/10975.The_Sound_and_the_Fury,http://www.librarything.com/work/3423/book/24443750,1897,Male,31,White,American,150572,3.86,13607,3.98
Federman,Raymond,Double or Nothing,1971,267,American Book Review,46,Novel,Adult,English,Experimental,Male,Primary,https://www.goodreads.com/book/show/266756.Double_or_Nothing,http://www.librarything.com/work/151208/book/64294340,1928,Male,42,White,French,152,3.93,82,4
Federman,Raymond,Take It or Leave It,1975,426,American Book Review,11,Novel,Adult,English,Experimental,Male,Primary,https://www.goodreads.com/book/show/266753.Take_It_or_Leave_It,http://www.librarything.com/work/249414/book/51198410,1928,Male,46,White,French,94,3.88,57,3.72
Fitzgerald,F. Scott,Tender is the Night,1934,320,Modern Library Board,28,Novel,Adult,English,Literary fiction,Mixed,Primary,https://www.goodreads.com/book/show/46164.Tender_Is_the_Night,http://www.librarything.com/work/23409/book/24443959,1896,Male,37,White,American,103543,3.82,10282,3.74
Fitzgerald,F. Scott,The Great Gatsby,1925,176,Modern Library Board,2,Novel,Adult,English,Literary fiction,Male,Primary,https://www.goodreads.com/book/show/4671.The_Great_Gatsby,http://www.librarything.com/work/2964/book/11724084,1896,Male,28,White,American,3389655,3.91,55626,3.8699999999999997
Fitzgerald,F. Scott,The Great Gatsby,1925,176,American Book Review,22,Novel,Adult,English,Literary fiction,Male,Primary,https://www.goodreads.com/book/show/4671.The_Great_Gatsby,http://www.librarything.com/work/2964/book/11724084,1896,Male,28,White,American,3389655,3.91,55626,3.8699999999999997
Fitzgerald,F. Scott,The Great Gatsby,1925,176,Modern Library Readers,13,Novel,Adult,English,Literary fiction,Male,Primary,https://www.goodreads.com/book/show/4671.The_Great_Gatsby,http://www.librarything.com/work/2964/book/11724084,1896,Male,28,White,American,3389655,3.91,55626,3.8699999999999997
Ford,Ford Madox,A Man Could Stand Up,1926,348,Modern Library Board,57,Novel,Adult,English,Literary fiction,Male,Primary,https://www.goodreads.com/book/show/2137341.A_Man_Could_Stand_Up,http://www.librarything.com/work/2070464/book/87205473,1873,Male,52,White,English,315,4.03,105,3.68
Ford,Ford Madox,Last Post,1928,400,Modern Library Board,57,Novel,Adult,English,Literary fiction,Male,Primary,https://www.goodreads.com/book/show/2250763.The_Last_Post,http://www.librarything.com/work/337712/book/87205491,1873,Male,54,White,English,229,3.73,79,3.4
Ford,Ford Madox,No More Parades,1925,305,Modern Library Board,57,Novel,Adult,English,Literary fiction,Male,Primary,https://www.goodreads.com/book/show/17017131-no-more-parades,http://www.librarything.com/work/1247435/book/87205452,1873,Male,51,White,English,365,3.99,108,3.4699999999999998
Ford,Ford Madox,Parade's End,1928,836,Modern Library Board,57,Anthology,Adult,English,Literary fiction,Male,Primary,https://www.goodreads.com/book/show/777824.Parade_s_End,http://www.librarything.com/work/18089,1873,Male,54,White,English,5295,3.92,1338,3.75
Ford,Ford Madox,Some Do Notâ€¦,1924,442,Modern Library Board,57,Novel,Adult,English,Literary fiction,Male,Primary,https://www.goodreads.com/book/show/8701589-some-do-not,http://www.librarything.com/work/1417795/book/87205427,1873,Male,50,White,English,648,3.83,138,3.68
Ford,Ford Madox,The Good Soldier,1915,231,Modern Library Board,30,Novel,Adult,English,Literary fiction,Male,Primary,https://www.goodreads.com/book/show/7628.The_Good_Soldier,http://www.librarything.com/work/18235/book/87205370,1873,Male,41,White,English,21354,3.72,3923,3.79
Forster,E.M.,A Passage to India,1924,416,Modern Library Board,25,Novel,Adult,English,Literary fiction,Mixed,Primary,https://www.goodreads.com/book/show/45195.A_Passage_to_India,http://www.librarything.com/work/2156470/book/64294000,1879,Male,44,White,English,62956,3.68,9853,3.7600000000000002
Forster,E.M.,A Passage to India,1924,416,American Book Review,45,Novel,Adult,English,Literary fiction,Mixed,Primary,https://www.goodreads.com/book/show/45195.A_Passage_to_India,http://www.librarything.com/work/2156470/book/64294000,1879,Male,44,White,English,62956,3.68,9853,3.7600000000000002
Forster,E.M.,A Room with a View,1908,328,Modern Library Board,79,Novel,Adult,English,Literary fiction,Mixed,Primary,https://www.goodreads.com/book/show/3087.A_Room_with_a_View,http://www.librarything.com/work/20174/book/64294067,1879,Male,28,White,English,142713,3.91,8868,3.94
Forster,E.M.,Howards End,1910,352,Modern Library Board,38,Novel,Adult,English,Literary fiction,Mixed,Primary,https://www.goodreads.com/book/show/38374795-howards-end,http://www.librarything.com/work/17951/book/64294082,1879,Male,30,White,English,71158,3.96,7193,3.9899999999999998
Fowles,John,The French Lieutenant's Woman,1969,394,American Book Review,77,Novel,Adult,English,Experimental,Male,Primary,https://www.goodreads.com/book/show/56034.The_French_Lieutenant_s_Woman,http://www.librarything.com/work/6923/book/51768123,1926,Male,42,White,English,44263,3.87,5488,3.84
Fowles,John,The French Lieutenant's Woman,1969,394,Modern Library Readers,30,Novel,Adult,English,Experimental,Male,Primary,https://www.goodreads.com/book/show/56034.The_French_Lieutenant_s_Woman,http://www.librarything.com/work/6923/book/51768123,1926,Male,42,White,English,44263,3.87,5488,3.84
Fowles,John,The Magus,1965,656,Modern Library Board,93,Novel,Adult,English,Experimental,Male,Primary,https://www.goodreads.com/book/show/16286.The_Magus,http://www.librarything.com/work/3140240/book/52334398,1926,Male,38,White,English,44302,4.05,4088,3.9699999999999998
Fowles,John,The Magus,1965,656,Modern Library Readers,71,Novel,Adult,English,Experimental,Male,Primary,https://www.goodreads.com/book/show/16286.The_Magus,http://www.librarything.com/work/3140240/book/52334398,1926,Male,38,White,English,44302,4.05,4088,3.9699999999999998
Gaddis,William,J R,1975,752,American Book Review,17,Novel,Adult,English,Experimental,Male,Primary,https://www.goodreads.com/book/show/28434.JR,http://www.librarything.com/work/84274/book/29980399,1922,Male,52,White,American,2555,4.28,987,4.2
Gaddis,William,The Recognitions,1955,960,Modern Library Readers,61,Novel,Adult,English,Experimental,Male,Primary,https://www.goodreads.com/book/show/395058.The_Recognitions,http://www.librarything.com/work/35551/book/24925685,1922,Male,32,White,American,4334,4.2,1644,4.35
Gaddis,William,The Recognitions,1955,960,American Book Review,27,Novel,Adult,English,Experimental,Male,Primary,https://www.goodreads.com/book/show/395058.The_Recognitions,http://www.librarything.com/work/35551/book/24925685,1922,Male,32,White,American,4334,4.2,1644,4.35
Gass,William H.,In the Heart of the Heart of the Country,1968,206,American Book Review,16,Stories,Adult,English,Experimental,Male,Primary,https://www.goodreads.com/book/show/152653.In_the_Heart_of_the_Heart_of_the_Country_and_Other_Stories,http://www.librarything.com/work/17967/book/33924688,1924,Male,43,White,American,2032,4,514,4
Gass,William H.,Omensetter's Luck,1966,336,American Book Review,82,Novel,Adult,English,Experimental,Male,Primary,https://www.goodreads.com/book/show/156188.Omensetter_s_Luck,http://www.librarything.com/work/150251/book/64302404,1924,Male,41,White,American,1647,4,533,4.14
Gass,William H.,The Tunnel,1995,651,American Book Review,81,Novel,Adult,English,Experimental,Male,Primary,https://www.goodreads.com/book/show/156182.The_Tunnel,http://www.librarything.com/work/128983/book/64302441,1924,Male,70,White,American,1259,3.89,647,4.119999999999999
Gibson,William,Neuromancer,1984,288,American Book Review,36,Novel,Adult,English,Sci-fi,Male,Primary,https://www.goodreads.com/book/show/888628.Neuromancer,http://www.librarything.com/work/609/book/24453426,1948,Male,35,White,Canadian,242451,3.89,18412,3.9299999999999997
Golding,William,Lord of the Flies,1954,272,Modern Library Board,41,Novel,YA,English,Literary fiction,Male,Primary,https://www.goodreads.com/book/show/7624.Lord_of_the_Flies,http://www.librarything.com/work/2475502/book/11724812,1911,Male,42,White,English,2078286,3.67,38189,3.73
Golding,William,Lord of the Flies,1954,272,Modern Library Readers,25,Novel,YA,English,Literary fiction,Male,Primary,https://www.goodreads.com/book/show/7624.Lord_of_the_Flies,http://www.librarything.com/work/2475502/book/11724812,1911,Male,42,White,English,2078286,3.67,38189,3.73
Graves,Robert,"I, Claudius",1934,480,Modern Library Board,14,Novel,Adult,English,Literary fiction,Male,Primary,https://www.goodreads.com/book/show/18765.I_Claudius,http://www.librarything.com/work/7289/book/24453826,1895,Male,38,White,English,49614,4.27,7316,4.26
Graves,Robert,"I, Claudius",1934,480,Modern Library Readers,74,Novel,Adult,English,Literary fiction,Male,Primary,https://www.goodreads.com/book/show/18765.I_Claudius,http://www.librarything.com/work/7289/book/24453826,1895,Male,38,White,English,49614,4.27,7316,4.26
Green,Henry,Loving,1945,229,Modern Library Board,89,Novel,Adult,English,Literary fiction,Male,Primary,https://www.goodreads.com/book/show/771507.Loving,http://www.librarything.com/work/64272/book/87207182,1905,Male,39,White,English,3170,3.56,536,3.2800000000000002
Greene,Graham,The Heart of the Matter,1948,256,Modern Library Board,40,Novel,Adult,English,Literary fiction,Male,Primary,https://www.goodreads.com/book/show/3692.The_Heart_of_the_Matter,http://www.librarything.com/work/19756/book/24916713,1904,Male,43,White,English,24371,3.99,4121,3.92
Hamilton,Laurell K.,Guilty Pleasures,1993,368,Modern Library Readers,82,Novel,Adult,English,Horror,Female,Primary,https://www.goodreads.com/book/show/30281.Guilty_Pleasures,http://www.librarything.com/work/4873693/book/55425406,1963,Female,29,White,American,127184,4.02,7590,3.8
Hammett,Dashiell,Red Harvest,1929,279,American Book Review,61,Novel,Adult,English,Mystery,Male,Primary,https://www.goodreads.com/book/show/30005.Red_Harvest,http://www.librarything.com/work/12476/book/12771688,1894,Male,34,White,American,21238,3.97,2318,3.86
Hammett,Dashiell,The Maltese Falcon,1930,224,Modern Library Board,56,Novel,Adult,English,Mystery,Male,Primary,https://www.goodreads.com/book/show/29999.The_Maltese_Falcon,http://www.librarything.com/work/38504/book/24476126,1894,Male,35,White,American,79406,3.91,7208,3.9
Hawkes,John,The Cannibal,1949,195,American Book Review,49,Novel,Adult,English,Experimental,Male,Primary,https://www.goodreads.com/book/show/587678.The_Cannibal,http://www.librarything.com/work/866395/book/44213409,1925,Male,23,White,American,394,3.73,193,3.34
Heinlein,Robert A.,Citizen of the Galaxy,1957,288,Modern Library Readers,87,Novel,Adult,English,Sci-fi,Male,Primary,https://www.goodreads.com/book/show/16689.Citizen_of_the_Galaxy,http://www.librarything.com/work/17486/book/56005300,1907,Male,49,White,American,13030,3.98,2603,3.92
Heinlein,Robert A.,Double Star,1956,256,Modern Library Readers,86,Novel,Adult,English,Sci-fi,Male,Primary,https://www.goodreads.com/book/show/175324.Double_Star,http://www.librarything.com/work/7502/book/56005278,1907,Male,48,White,American,18298,3.89,2534,3.71
Heinlein,Robert A.,Starship Troopers,1959,292,Modern Library Readers,62,Novel,Adult,English,Sci-fi,Male,Primary,https://www.goodreads.com/book/show/17214.Starship_Troopers,http://www.librarything.com/work/7802/book/11725198,1907,Male,51,White,American,175171,4.01,9634,3.8699999999999997
Heinlein,Robert A.,Stranger in a Strange Land,1961,672,Modern Library Readers,16,Novel,Adult,English,Sci-fi,Male,Primary,https://www.goodreads.com/book/show/350.Stranger_in_a_Strange_Land,http://www.librarything.com/work/6904/book/24476246,1907,Male,53,White,American,260026,3.92,8851,3.9099999999999997
Heinlein,Robert A.,The Door into Summer,1957,304,Modern Library Readers,72,Novel,Adult,English,Sci-fi,Male,Primary,https://www.goodreads.com/book/show/348.The_Door_Into_Summer,http://www.librarything.com/work/17553/book/56005292,1907,Male,49,White,American,20671,4.01,3368,3.8499999999999996
Heinlein,Robert A.,The Moon is a Harsh Mistress,1966,384,Modern Library Readers,15,Novel,Adult,English,Sci-fi,Male,Primary,https://www.goodreads.com/book/show/16690.The_Moon_is_a_Harsh_Mistress,http://www.librarything.com/work/7930/book/56005404,1907,Male,58,White,American,100973,4.17,8290,4.14
Heinlein,Robert A.,The Puppet Masters,1951,320,Modern Library Readers,83,Novel,Adult,English,Sci-fi,Male,Primary,https://www.goodreads.com/book/show/7171856-the-puppet-masters,http://www.librarything.com/work/18897/book/56005166,1907,Male,43,White,American,28501,3.87,3030,3.66
Heller,Joseph,Catch-22,1961,530,Modern Library Board,7,Novel,Adult,English,Experimental,Male,Primary,https://www.goodreads.com/book/show/168668.Catch_22,http://www.librarything.com/work/1479/book/11725208,1923,Male,37,White,American,677599,3.98,32807,4.119999999999999
Heller,Joseph,Catch-22,1961,530,American Book Review,29,Novel,Adult,English,Experimental,Male,Primary,https://www.goodreads.com/book/show/168668.Catch_22,http://www.librarything.com/work/1479/book/11725208,1923,Male,37,White,American,677599,3.98,32807,4.119999999999999
Heller,Joseph,Catch-22,1961,530,Modern Library Readers,12,Novel,Adult,English,Experimental,Male,Primary,https://www.goodreads.com/book/show/168668.Catch_22,http://www.librarything.com/work/1479/book/11725208,1923,Male,37,White,American,677599,3.98,32807,4.119999999999999
Hemingway,Ernest,A Farewell to Arms,1929,336,Modern Library Readers,91,Novel,Adult,English,Literary fiction,Male,Primary,https://www.goodreads.com/book/show/10799.A_Farewell_to_Arms,http://www.librarything.com/work/3491/book/24476490,1899,Male,29,White,American,244646,3.8,17681,3.75
Hemingway,Ernest,A Farewell to Arms,1929,336,Modern Library Board,74,Novel,Adult,English,Literary fiction,Male,Primary,https://www.goodreads.com/book/show/10799.A_Farewell_to_Arms,http://www.librarything.com/work/3491/book/24476490,1899,Male,29,White,American,244646,3.8,17681,3.75
Hemingway,Ernest,The Sun Also Rises,1926,256,Modern Library Readers,63,Novel,Adult,English,Literary fiction,Male,Primary,https://www.goodreads.com/book/show/3876.The_Sun_Also_Rises,http://www.librarything.com/work/23107/book/18647402,1899,Male,26,White,American,344540,3.82,18627,3.79
Hemingway,Ernest,The Sun Also Rises,1926,256,American Book Review,20,Novel,Adult,English,Literary fiction,Male,Primary,https://www.goodreads.com/book/show/3876.The_Sun_Also_Rises,http://www.librarything.com/work/23107/book/18647402,1899,Male,26,White,American,344540,3.82,18627,3.79
Hemingway,Ernest,The Sun Also Rises,1926,256,Modern Library Board,45,Novel,Adult,English,Literary fiction,Male,Primary,https://www.goodreads.com/book/show/3876.The_Sun_Also_Rises,http://www.librarything.com/work/23107/book/18647402,1899,Male,26,White,American,344540,3.82,18627,3.79
Herbert,Frank,Dune,1965,544,Modern Library Readers,14,Novel,Adult,English,Sci-fi,Male,Primary,https://www.goodreads.com/book/show/44767458-dune,http://www.librarything.com/work/4041453/book/24476555,1920,Male,44,White,American,644156,4.22,28904,4.29
Hoban,Russell,Riddley Walker,1980,254,American Book Review,66,Novel,Adult,English,Fantasy,Male,Primary,https://www.goodreads.com/book/show/776573.Riddley_Walker,http://www.librarything.com/work/44537/book/64302042,1925,Male,54,White,American,6597,4.03,2133,4.18
Holdstock,Robert,Mythago Wood,1984,336,Modern Library Readers,97,Novel,Adult,English,Fantasy,Male,Primary,https://www.goodreads.com/book/show/126192.Mythago_Wood,http://www.librarything.com/work/6886/book/151290234,1948,Male,35,White,English,7954,3.81,1812,3.82
Hubbard,L.  Ron,Battlefield Earth,1982,1072,Modern Library Readers,3,Novel,Adult,English,Sci-fi,Male,Primary,https://www.goodreads.com/book/show/769658.Battlefield_Earth,http://www.librarything.com/work/3246096/book/157045735,1911,Male,70,White,American,16061,3.52,2109,3.27
Hubbard,L.  Ron,Fear,1951,240,Modern Library Readers,10,Novel,Adult,English,Sci-fi,Male,Primary,https://www.goodreads.com/book/show/952343.Fear,http://www.librarything.com/work/198474/book/157045816,1911,Male,39,White,American,1427,3.16,323,3.3099999999999996
Hubbard,L.  Ron,The Invaders Plan,1985,470,Modern Library Readers,9,Novel,Adult,English,Sci-fi,Male,Primary,https://www.goodreads.com/book/show/564450.The_Invaders_Plan,http://www.librarything.com/work/65714/book/157045789,1911,Male,73,White,American,2918,3.42,735,2.9899999999999998
Hughes,Richard,A High Wind in Jamaica,1929,298,Modern Library Board,71,Novel,Adult,English,Literary fiction,Mixed,Primary,https://www.goodreads.com/book/show/188458.A_High_Wind_in_Jamaica,http://www.librarything.com/work/71106/book/87206770,1900,Male,28,White,English,8001,3.79,1690,3.9
Hurston,Zora Neale,Their Eyes Were Watching God,1937,256,American Book Review,31,Novel,Adult,English,Literary fiction,Female,Primary,https://www.goodreads.com/book/show/37415.Their_Eyes_Were_Watching_God,http://www.librarything.com/work/4731/book/50940519,1891,Female,45,Black,American,237429,3.9,14204,3.98
Huxley,Aldous,Brave New World,1932,239,Modern Library Readers,18,Novel,Adult,English,Sci-fi,Male,Primary,https://www.goodreads.com/book/show/5129.Brave_New_World,http://www.librarything.com/work/1977/book/11725423,1894,Male,37,White,English,1303202,3.98,42096,3.96
Huxley,Aldous,Brave New World,1932,239,American Book Review,44,Novel,Adult,English,Sci-fi,Male,Primary,https://www.goodreads.com/book/show/5129.Brave_New_World,http://www.librarything.com/work/1977/book/11725423,1894,Male,37,White,English,1303202,3.98,42096,3.96
Huxley,Aldous,Brave New World,1932,239,Modern Library Board,5,Novel,Adult,English,Sci-fi,Male,Primary,https://www.goodreads.com/book/show/5129.Brave_New_World,http://www.librarything.com/work/1977/book/11725423,1894,Male,37,White,English,1303202,3.98,42096,3.96
Huxley,Aldous,Point Counter Point,1928,432,Modern Library Board,44,Novel,Adult,English,Literary fiction,Male,Primary,https://www.goodreads.com/book/show/5135.Point_Counter_Point,http://www.librarything.com/work/38410/book/46035376,1894,Male,33,White,English,10199,3.86,2098,3.7600000000000002
Irving,John,A Prayer for Owen Meany,1989,645,Modern Library Readers,28,Novel,Adult,English,Literary fiction,Male,Primary,https://www.goodreads.com/book/show/4473.A_Prayer_for_Owen_Meany,http://www.librarything.com/work/7263/book/24487343,1942,Male,46,White,American,274400,4.23,15613,4.26
Irving,John,The World According to Garp,1978,624,Modern Library Readers,64,Novel,Adult,English,Literary fiction,Male,Primary,https://www.goodreads.com/book/show/7069.The_World_According_to_Garp,http://www.librarything.com/work/5178/book/24487338,1942,Male,35,White,American,195767,4.08,13447,4.09
Jackson,Shirley,The Haunting of Hill House,1959,289,Modern Library Readers,66,Novel,Adult,English,Horror,Female,Primary,https://www.goodreads.com/book/show/89717.The_Haunting_of_Hill_House,http://www.librarything.com/work/5466/book/11726486,1916,Female,42,White,American,126789,3.85,5625,3.9499999999999997
James,Henry,The Ambassadors,1903,512,American Book Review,23,Novel,Adult,English,Literary fiction,Male,Primary,https://www.goodreads.com/book/show/775366.The_Ambassadors,http://www.librarything.com/work/16999/book/56126965,1843,Male,59,White,American,10999,3.66,3155,3.7
James,Henry,The Ambassadors,1903,512,Modern Library Board,27,Novel,Adult,English,Literary fiction,Male,Primary,https://www.goodreads.com/book/show/775366.The_Ambassadors,http://www.librarything.com/work/16999/book/56126965,1843,Male,59,White,American,10999,3.66,3155,3.7
James,Henry,The Golden Bowl,1904,656,Modern Library Board,32,Novel,Adult,English,Literary fiction,Male,Primary,https://www.goodreads.com/book/show/259020.The_Golden_Bowl,http://www.librarything.com/work/2245/book/56126990,1843,Male,60,White,American,10476,3.79,2196,3.62
James,Henry,The Wings of the Dove,1902,608,Modern Library Board,26,Novel,Adult,English,Literary fiction,Mixed,Primary,https://www.goodreads.com/book/show/124272.The_Wings_of_the_Dove,http://www.librarything.com/work/3078/book/56126939,1843,Male,58,White,American,15525,3.81,2740,3.69
Jones,James,From Here to Eternity,1951,864,Modern Library Board,62,Novel,Adult,English,Literary fiction,Male,Primary,https://www.goodreads.com/book/show/116114.From_Here_to_Eternity,http://www.librarything.com/work/70314/book/87206040,1921,Male,29,White,American,15461,4.09,1606,4
Joyce,James,A Portrait of the Artist as a Young Man,1916,218,American Book Review,21,Novel,Adult,English,Experimental,Male,Primary,https://www.goodreads.com/book/show/7588.A_Portrait_of_the_Artist_as_a_Young_Man,http://www.librarything.com/work/3359/book/12126759,1882,Male,33,White,Irish,119971,3.61,17240,3.7
Joyce,James,A Portrait of the Artist as a Young Man,1916,218,Modern Library Readers,57,Novel,Adult,English,Experimental,Male,Primary,https://www.goodreads.com/book/show/7588.A_Portrait_of_the_Artist_as_a_Young_Man,http://www.librarything.com/work/3359/book/12126759,1882,Male,33,White,Irish,119971,3.61,17240,3.7
Joyce,James,A Portrait of the Artist as a Young Man,1916,218,Modern Library Board,3,Novel,Adult,English,Experimental,Male,Primary,https://www.goodreads.com/book/show/7588.A_Portrait_of_the_Artist_as_a_Young_Man,http://www.librarything.com/work/3359/book/12126759,1882,Male,33,White,Irish,119971,3.61,17240,3.7
Joyce,James,Dubliners,1914,171,American Book Review,63,Stories,Adult,English,Literary fiction,Mixed,Primary,https://www.goodreads.com/book/show/11012.Dubliners,http://www.librarything.com/work/3483/book/11726517,1882,Male,31,White,Irish,113652,3.85,15382,3.92
Joyce,James,Finnegans Wake,1939,672,American Book Review,10,Novel,Adult,English,Experimental,Male,Primary,https://www.goodreads.com/book/show/11013.Finnegans_Wake,http://www.librarything.com/work/11916/book/24492922,1882,Male,56,White,Irish,11131,3.67,4237,3.8699999999999997
Joyce,James,Finnegans Wake,1939,672,Modern Library Board,77,Novel,Adult,English,Experimental,Male,Primary,https://www.goodreads.com/book/show/11013.Finnegans_Wake,http://www.librarything.com/work/11916/book/24492922,1882,Male,56,White,Irish,11131,3.67,4237,3.8699999999999997
Joyce,James,Ulysses,1922,727,Modern Library Board,1,Novel,Adult,English,Experimental,Male,Primary,https://www.goodreads.com/book/show/338798.Ulysses,http://www.librarything.com/work/8520/book/11726513,1882,Male,39,White,Irish,102314,3.73,18884,4.03
Joyce,James,Ulysses,1922,727,American Book Review,2,Novel,Adult,English,Experimental,Male,Primary,https://www.goodreads.com/book/show/338798.Ulysses,http://www.librarything.com/work/8520/book/11726513,1882,Male,39,White,Irish,102314,3.73,18884,4.03
Joyce,James,Ulysses,1922,727,Modern Library Readers,11,Novel,Adult,English,Experimental,Male,Primary,https://www.goodreads.com/book/show/338798.Ulysses,http://www.librarything.com/work/8520/book/11726513,1882,Male,39,White,Irish,102314,3.73,18884,4.03
Katz,Steve,Creamy and Delicious: Eat My Words (in Other Words),1970,204,American Book Review,91,Stories,Adult,English,Experimental,Male,Primary,https://www.goodreads.com/book/show/3610152-creamy-delicious,http://www.librarything.com/work/8996418/book/51199825,1935,Male,34,White,American,18,3.17,9,3.25
Kennedy,William,Billy Phelan's Greatest Game,1978,282,American Book Review,80,Novel,Adult,English,Literary fiction,Male,Primary,https://www.goodreads.com/book/show/140688.Billy_Phelan_s_Greatest_Game,http://www.librarything.com/work/160151/book/64213613,1928,Male,49,White,American,1032,3.93,398,3.8099999999999996
Kennedy,William,Ironweed,1983,240,American Book Review,80,Novel,Adult,English,Literary fiction,Male,Primary,https://www.goodreads.com/book/show/267243.Ironweed,http://www.librarything.com/work/37306/book/64213618,1928,Male,54,White,American,15108,3.86,2068,3.82
Kennedy,William,Ironweed,1983,240,Modern Library Board,92,Novel,Adult,English,Literary fiction,Male,Primary,https://www.goodreads.com/book/show/267243.Ironweed,http://www.librarything.com/work/37306/book/64213618,1928,Male,54,White,American,15108,3.86,2068,3.82
Kennedy,William,Legs,1975,320,American Book Review,80,Novel,Adult,English,Literary fiction,Male,Primary,https://www.goodreads.com/book/show/90761.Legs,http://www.librarything.com/work/101242/book/64213610,1928,Male,46,White,American,1541,3.8,536,3.6
Kerouac,Jack,On the Road,1957,320,Modern Library Readers,42,Narrative non-fiction,Adult,English,Memoir,Male,Primary,https://www.goodreads.com/book/show/70401.On_the_Road,http://www.librarything.com/work/3207/book/11726843,1922,Male,34,White,American,319302,3.63,23091,3.67
Kerouac,Jack,On the Road,1957,320,Modern Library Board,55,Narrative non-fiction,Adult,English,Memoir,Male,Primary,https://www.goodreads.com/book/show/70401.On_the_Road,http://www.librarything.com/work/3207/book/11726843,1922,Male,34,White,American,319302,3.63,23091,3.67
Kerouac,Jack,On the Road,1957,320,American Book Review,38,Narrative non-fiction,Adult,English,Memoir,Male,Primary,https://www.goodreads.com/book/show/70401.On_the_Road,http://www.librarything.com/work/3207/book/11726843,1922,Male,34,White,American,319302,3.63,23091,3.67
Kesey,Ken,One Flew Over the Cuckoo's Nest,1962,284,Modern Library Readers,90,Novel,Adult,English,Literary fiction,Male,Primary,https://www.goodreads.com/book/show/332613.One_Flew_Over_the_Cuckoo_s_Nest,http://www.librarything.com/work/2122/book/10084776,1935,Male,26,White,American,587533,4.19,19590,4.159999999999999
Kesey,Ken,Sometimes a Great Notion,1964,736,Modern Library Readers,93,Novel,Adult,English,Literary fiction,Male,Primary,https://www.goodreads.com/book/show/529626.Sometimes_a_Great_Notion,http://www.librarything.com/work/27132/book/10084759,1935,Male,28,White,American,19987,4.17,2317,4.21
King,Stephen,It,1986,1138,Modern Library Readers,84,Novel,Adult,English,Horror,Mixed,Primary,https://www.goodreads.com/book/show/830502.It,http://www.librarything.com/work/1489/book/11726858,1947,Male,38,White,American,704033,4.24,15805,4.08
Kipling,Rudyard,Kim,1901,240,Modern Library Board,78,Novel,YA,English,Literary fiction,Male,Primary,https://www.goodreads.com/book/show/210834.Kim,http://www.librarything.com/work/8683/book/24493763,1865,Male,35,White,English,31503,3.72,6724,3.86
Koestler,Arthur,Darkness at Noon,1940,288,Modern Library Board,8,Novel,Adult,German,Literary fiction,Male,Primary,https://www.goodreads.com/book/show/30672.Darkness_at_Noon,http://www.librarything.com/work/19365/book/24493768,1905,Male,34,White,Hungarian,24614,4.03,4221,4.05
Lawrence,D.H.,Sons and Loves,1913,423,Modern Library Board,9,Novel,Adult,English,Literary fiction,Mixed,Primary,https://www.goodreads.com/book/show/32071.Sons_and_Lovers,http://www.librarything.com/work/7790/book/24522818,1885,Male,27,White,English,44819,3.63,7883,3.58
Lawrence,D.H.,The Rainbow,1915,467,Modern Library Board,48,Novel,Adult,English,Literary fiction,Mixed,Primary,https://www.goodreads.com/book/show/31491.The_Rainbow,http://www.librarything.com/work/27196/book/64303081,1885,Male,29,White,English,17820,3.69,3375,3.66
Lawrence,D.H.,Women in Love,1920,536,American Book Review,24,Novel,Adult,English,Romance,Female,Primary,https://www.goodreads.com/book/show/9784.Women_in_Love,http://www.librarything.com/work/19238/book/64303061,1885,Male,34,White,English,28053,3.67,5733,3.58
Lee,Harper,To Kill a Mockingbird,1960,324,Modern Library Readers,5,Novel,YA,English,Literary fiction,Female,Primary,https://www.goodreads.com/book/show/2657.To_Kill_a_Mockingbird,http://www.librarything.com/work/3092/book/11727116,1926,Female,33,White,American,4068697,4.27,60924,4.39
Lessing,Doris,The Golden Notebook,1962,688,American Book Review,59,Novel,Adult,English,Literary fiction,Female,Primary,https://www.goodreads.com/book/show/24100.The_Golden_Notebook,http://www.librarything.com/work/86217/book/41702552,1919,Female,42,White,English,18086,3.76,4325,3.65
Lewis,Sinclair,Arrowsmith,1925,480,Modern Library Readers,78,Novel,Adult,English,Literary fiction,Male,Primary,https://www.goodreads.com/book/show/11389.Arrowsmith,http://www.librarything.com/work/92837/book/87234488,1885,Male,39,White,American,6489,3.82,1662,3.77
Lewis,Sinclair,Main Street,1920,448,Modern Library Board,68,Novel,Adult,English,Literary fiction,Female,Primary,https://www.goodreads.com/book/show/11376.Main_Street,http://www.librarything.com/work/106960/book/87206130,1885,Male,34,White,American,23087,3.77,3330,3.75
London,Jack,The Call of the Wild,1903,51,Modern Library Board,88,Novel,YA,English,Literary fiction,Male,Primary,https://www.goodreads.com/book/show/1852.The_Call_of_the_Wild,http://www.librarything.com/work/21623/book/21675557,1876,Male,26,White,American,299372,3.86,13581,3.7800000000000002
London,Jack,The Call of the Wild,1903,51,Modern Library Readers,75,Novel,YA,English,Literary fiction,Male,Primary,https://www.goodreads.com/book/show/1852.The_Call_of_the_Wild,http://www.librarything.com/work/21623/book/21675557,1876,Male,26,White,American,299372,3.86,13581,3.7800000000000002
Lovecraft,H.P.,At the Mountains of Madness,1936,86,Modern Library Readers,45,Novel,Adult,English,Horror,Male,Primary,https://www.goodreads.com/book/show/32767.At_the_Mountains_of_Madness,http://www.librarything.com/work/1632621/book/157045828,1890,Male,45,White,American,29416,3.88,810,3.72
Lowry,Malcolm,Under the Volcano,1947,448,Modern Library Readers,39,Novel,Adult,English,Literary fiction,Male,Primary,https://www.goodreads.com/book/show/31072.Under_the_Volcano,http://www.librarything.com/work/8023/book/24522918,1909,Male,37,White,English,20718,3.79,3404,3.8099999999999996
Lowry,Malcolm,Under the Volcano,1947,448,American Book Review,14,Novel,Adult,English,Literary fiction,Male,Primary,https://www.goodreads.com/book/show/31072.Under_the_Volcano,http://www.librarything.com/work/8023/book/24522918,1909,Male,37,White,English,20718,3.79,3404,3.8099999999999996
Lowry,Malcolm,Under the Volcano,1947,448,Modern Library Board,11,Novel,Adult,English,Literary fiction,Male,Primary,https://www.goodreads.com/book/show/31072.Under_the_Volcano,http://www.librarything.com/work/8023/book/24522918,1909,Male,37,White,English,20718,3.79,3404,3.8099999999999996
Mailer,Norman,The Naked and the Dead,1948,736,American Book Review,89,Novel,Adult,English,Literary fiction,Male,Primary,https://www.goodreads.com/book/show/12467.The_Naked_and_the_Dead,http://www.librarything.com/work/10073830/book/30700765,1923,Male,24,White,American,22310,3.94,3361,3.9299999999999997
Mailer,Norman,The Naked and the Dead,1948,736,Modern Library Board,51,Novel,Adult,English,Literary fiction,Male,Primary,https://www.goodreads.com/book/show/12467.The_Naked_and_the_Dead,http://www.librarything.com/work/10073830/book/30700765,1923,Male,24,White,American,22310,3.94,3361,3.9299999999999997
Marcus,Ben,The Age of Wire and String,1995,140,American Book Review,72,Stories,Adult,English,Experimental,Mixed,Primary,https://www.goodreads.com/book/show/155677.The_Age_of_Wire_and_String,http://www.librarything.com/work/170865/book/51518564,1967,Male,27,White,American,1539,3.73,388,3.7
Mathews,Harry,Tlooth,1966,177,American Book Review,73,Novel,Adult,English,Experimental,Male,Primary,https://www.goodreads.com/book/show/267433.Tlooth,http://www.librarything.com/work/156743/book/64302281,1930,Male,35,White,American,307,3.82,121,3.8
Maugham,W. Somerset,Of Human Bondage,1915,704,Modern Library Readers,37,Novel,Adult,English,Literary fiction,Mixed,Primary,https://www.goodreads.com/book/show/31548.Of_Human_Bondage,http://www.librarything.com/work/7701/book/52335080,1874,Male,40,White,English,44387,4.13,6857,4.08
Maugham,W. Somerset,Of Human Bondage,1915,704,Modern Library Board,66,Novel,Adult,English,Literary fiction,Mixed,Primary,https://www.goodreads.com/book/show/31548.Of_Human_Bondage,http://www.librarything.com/work/7701/book/52335080,1874,Male,40,White,English,44387,4.13,6857,4.08
McCarthy,Cormac,Suttree,1979,471,Modern Library Readers,96,Novel,Adult,English,Literary fiction,Male,Primary,https://www.goodreads.com/book/show/394469.Suttree,http://www.librarything.com/work/74386/book/24524659,1933,Male,45,White,American,16515,4.18,2298,4.17
McCullers,Carson,The Heart is a Lonely Hunter,1940,356,Modern Library Board,17,Novel,Adult,English,Literary fiction,Male,Primary,https://www.goodreads.com/book/show/37380.The_Heart_Is_a_Lonely_Hunter,http://www.librarything.com/work/18244/book/87205047,1917,Female,22,White,American,87140,3.98,8663,3.96
McCullers,Carson,The Heart is a Lonely Hunter,1940,356,Modern Library Readers,52,Novel,Adult,English,Literary fiction,Male,Primary,https://www.goodreads.com/book/show/37380.The_Heart_Is_a_Lonely_Hunter,http://www.librarything.com/work/18244/book/87205047,1917,Female,22,White,American,87140,3.98,8663,3.96
McElroy,Joseph,Lookout Cartridge,1974,531,American Book Review,39,Novel,Adult,English,Experimental,Male,Primary,https://www.goodreads.com/book/show/888887.Lookout_Cartridge,http://www.librarything.com/work/156712/book/46805654,1930,Male,43,White,American,131,4.09,117,4.109999999999999
Metcalf,Paul,Genoa: A Telling of Wonders,1965,208,American Book Review,43,Novel,Adult,English,Experimental,Male,Primary,https://www.goodreads.com/book/show/1047308.Genoa,http://www.librarything.com/work/568754/book/51196169,1917,Male,47,White,American,97,4.21,63,4.29
Miller,Henry,Tropic of Cancer,1934,318,Modern Library Board,50,Novel,Adult,English,Memoir,Male,Primary,https://www.goodreads.com/book/show/249.Tropic_of_Cancer,http://www.librarything.com/work/8518/book/24524130,1896,Male,37,White,American,58476,3.68,7145,3.64
Miller,Henry,Tropic of Cancer,1934,318,American Book Review,37,Novel,Adult,English,Memoir,Male,Primary,https://www.goodreads.com/book/show/249.Tropic_of_Cancer,http://www.librarything.com/work/8518/book/24524130,1896,Male,37,White,American,58476,3.68,7145,3.64
Miller,Henry,Tropic of Cancer,1934,318,Modern Library Readers,68,Novel,Adult,English,Memoir,Male,Primary,https://www.goodreads.com/book/show/249.Tropic_of_Cancer,http://www.librarything.com/work/8518/book/24524130,1896,Male,37,White,American,58476,3.68,7145,3.64
Mitchell,Margaret,Gone with the Wind,1936,1037,Modern Library Readers,24,Novel,Adult,English,Romance,Mixed,Primary,https://www.goodreads.com/book/show/18405.Gone_with_the_Wind,http://www.librarything.com/work/34878/book/24524116,1900,Female,35,White,American,1013252,4.29,18701,4.3
Mooney,Ted,Easy Travel to Other Planets,1981,278,American Book Review,97,Novel,Adult,English,Sci-fi,Female,Primary,https://www.goodreads.com/book/show/657138.Easy_Travel_to_Other_Planets,http://www.librarything.com/work/206965/book/51584000,1951,Male,29,White,American,157,3.73,156,3.8099999999999996
Morrison,Toni,Beloved,1987,324,American Book Review,12,Novel,Adult,English,Literary fiction,Female,Primary,https://www.goodreads.com/book/show/6149.Beloved,http://www.librarything.com/work/2182/book/25964445,1931,Female,55,Black,American,290195,3.82,17430,3.88
Morrison,Toni,Beloved,1987,324,Modern Library Readers,31,Novel,Adult,English,Literary fiction,Female,Primary,https://www.goodreads.com/book/show/6149.Beloved,http://www.librarything.com/work/2182/book/25964445,1931,Female,55,Black,American,290195,3.82,17430,3.88
Murdoch,Iris,Under the Net,1954,256,Modern Library Board,95,Novel,Adult,English,Literary fiction,Male,Primary,https://www.goodreads.com/book/show/11324.Under_the_Net,http://www.librarything.com/work/3082109/book/87207082,1919,Female,34,White,English,11976,3.77,1664,3.62
Nabokov,Vladimir,Lolita,1955,348,Modern Library Readers,34,Novel,Adult,English,Literary fiction,Male,Primary,https://www.goodreads.com/book/show/7604.Lolita,http://www.librarything.com/work/913/book/21710431,1899,Male,55,White,Russian,609214,3.89,25945,4.109999999999999
Nabokov,Vladimir,Lolita,1955,348,Modern Library Board,4,Novel,Adult,English,Literary fiction,Male,Primary,https://www.goodreads.com/book/show/7604.Lolita,http://www.librarything.com/work/913/book/21710431,1899,Male,55,White,Russian,609214,3.89,25945,4.109999999999999
Nabokov,Vladimir,Lolita,1955,348,American Book Review,9,Novel,Adult,English,Literary fiction,Male,Primary,https://www.goodreads.com/book/show/7604.Lolita,http://www.librarything.com/work/913/book/21710431,1899,Male,55,White,Russian,609214,3.89,25945,4.109999999999999
Nabokov,Vladimir,Pale Fire,1962,336,American Book Review,1,Novel,Adult,English,Experimental,Male,Primary,https://www.goodreads.com/book/show/7805.Pale_Fire,http://www.librarything.com/work/7714/book/24557187,1899,Male,62,White,Russian,37800,4.15,6446,4.26
Nabokov,Vladimir,Pale Fire,1962,336,Modern Library Board,53,Novel,Adult,English,Experimental,Male,Primary,https://www.goodreads.com/book/show/7805.Pale_Fire,http://www.librarything.com/work/7714/book/24557187,1899,Male,62,White,Russian,37800,4.15,6446,4.26
Naipaul,V.S.,A Bend in the River,1979,278,Modern Library Board,83,Novel,Adult,English,Literary fiction,Male,Primary,https://www.goodreads.com/book/show/5845.A_Bend_in_the_River,http://www.librarything.com/work/43160/book/87207726,1932,Male,46,Asian,English,14727,3.77,2610,3.72
Naipaul,V.S.,A House for Mr. Biswas,1961,578,Modern Library Board,72,Novel,Adult,English,Literary fiction,Male,Primary,https://www.goodreads.com/book/show/5849.A_House_for_Mr_Biswas,http://www.librarything.com/work/10057/book/87206804,1932,Male,28,Asian,English,17342,3.81,2717,3.7600000000000002
O'Brien,Flann,At Swim-Two-Birds,1939,320,American Book Review,47,Novel,Adult,English,Experimental,Male,Primary,https://www.goodreads.com/book/show/97333.At_Swim_Two_Birds,http://www.librarything.com/work/58506/book/20651924,1911,Male,27,White,Irish,10931,3.91,2626,3.9299999999999997
O'Brien,Flann,At Swim-Two-Birds,1939,320,Modern Library Readers,76,Novel,Adult,English,Experimental,Male,Primary,https://www.goodreads.com/book/show/97333.At_Swim_Two_Birds,http://www.librarything.com/work/58506/book/20651924,1911,Male,27,White,Irish,10931,3.91,2626,3.9299999999999997
O'Connor,Flannery,Wise Blood,1952,232,American Book Review,56,Novel,Adult,English,Western,Male,Primary,https://www.goodreads.com/book/show/48467.Wise_Blood,http://www.librarything.com/work/12874/book/30913169,1925,Female,26,White,American,24436,3.86,2964,3.86
O'Connor,Flannery,Wise Blood,1952,232,Modern Library Readers,38,Novel,Adult,English,Western,Male,Primary,https://www.goodreads.com/book/show/48467.Wise_Blood,http://www.librarything.com/work/12874/book/30913169,1925,Female,26,White,American,24436,3.86,2964,3.86
O'Hara,John,Appointment in Samarra,1934,272,Modern Library Board,22,Novel,Adult,English,Literary fiction,Male,Primary,https://www.goodreads.com/book/show/126583.Appointment_in_Samarra,http://www.librarything.com/work/38282/book/87205249,1905,Male,28,White,American,13381,3.82,1416,3.86
Orwell,George,Animal Farm,1945,140,Modern Library Board,31,Novel,YA,English,Fantasy,Male,Primary,https://www.goodreads.com/book/show/170448.Animal_Farm,http://www.librarything.com/work/1477/book/11693362,1903,Male,41,White,English,2436380,3.92,44846,3.9899999999999998
Orwell,George,Animal Farm,1945,140,Modern Library Readers,20,Novel,YA,English,Fantasy,Male,Primary,https://www.goodreads.com/book/show/170448.Animal_Farm,http://www.librarything.com/work/1477/book/11693362,1903,Male,41,White,English,2436380,3.92,44846,3.9899999999999998
Orwell,George,Nineteen Eighty-Four,1949,237,Modern Library Readers,6,Novel,Adult,English,Sci-fi,Male,Primary,https://www.goodreads.com/book/show/40961427-1984,http://www.librarything.com/work/1472/book/11693357,1903,Male,45,White,English,2719979,4.17,63038,4.24
Orwell,George,Nineteen Eighty-Four,1949,237,American Book Review,30,Novel,Adult,English,Sci-fi,Male,Primary,https://www.goodreads.com/book/show/40961427-1984,http://www.librarything.com/work/1472/book/11693357,1903,Male,45,White,English,2719979,4.17,63038,4.24
Orwell,George,Nineteen Eighty-Four,1949,237,Modern Library Board,13,Novel,Adult,English,Sci-fi,Male,Primary,https://www.goodreads.com/book/show/40961427-1984,http://www.librarything.com/work/1472/book/11693357,1903,Male,45,White,English,2719979,4.17,63038,4.24
Percy,Walker,The Moviegoer,1961,241,Modern Library Readers,49,Novel,Adult,English,Literary fiction,Male,Primary,https://www.goodreads.com/book/show/10739.The_Moviegoer,http://www.librarything.com/work/5060/book/55704031,1916,Male,44,White,American,23436,3.68,3813,3.69
Percy,Walker,The Moviegoer,1961,241,Modern Library Board,60,Novel,Adult,English,Literary fiction,Male,Primary,https://www.goodreads.com/book/show/10739.The_Moviegoer,http://www.librarything.com/work/5060/book/55704031,1916,Male,44,White,American,23436,3.68,3813,3.69
Pirsig,Robert M.,Zen and the Art of Motorcycle Maintenance,1974,404,Modern Library Readers,73,Narrative non-fiction,Adult,English,Memoir,Male,Primary,https://www.goodreads.com/book/show/629.Zen_and_the_Art_of_Motorcycle_Maintenance,http://www.librarything.com/work/1008/book/18179704,1928,Male,45,White,American,180813,3.77,15424,3.8299999999999996
Powell,Anthony,A Buyer's Market,1952,292,Modern Library Board,43,Novel,Adult,English,Literary fiction,Male,Primary,https://www.goodreads.com/book/show/1006997.A_Buyer_s_Market,http://www.librarything.com/work/2263291/book/87205671,1905,Male,46,White,English,990,3.87,485,3.61
Powell,Anthony,A Question of Upbringing,1951,244,Modern Library Board,43,Novel,Adult,English,Literary fiction,Male,Primary,https://www.goodreads.com/book/show/16116.A_Question_of_Upbringing,http://www.librarything.com/work/2214647/book/87205648,1905,Male,45,White,English,3836,3.7,853,3.65
Powell,Anthony,At Lady Molly's,1957,256,Modern Library Board,43,Novel,Adult,English,Literary fiction,Male,Primary,https://www.goodreads.com/book/show/1376768.At_Lady_Molly_s,http://www.librarything.com/work/2263643/book/87205704,1905,Male,51,White,English,751,4.13,442,3.7800000000000002
Powell,Anthony,Books Do Furnish a Room,1971,256,Modern Library Board,43,Novel,Adult,English,Literary fiction,Male,Primary,https://www.goodreads.com/book/show/2340618.Books_Do_Furnish_a_Room,http://www.librarything.com/work/2263692/book/87205841,1905,Male,65,White,English,552,4.17,369,3.75
Powell,Anthony,Casanova's Chinese Restaurant,1960,244,Modern Library Board,43,Novel,Adult,English,Literary fiction,Male,Primary,https://www.goodreads.com/book/show/1052987.Casanova_s_Chinese_Restaurant,http://www.librarything.com/work/2263516/book/87205728,1905,Male,54,White,English,710,4.12,395,3.7800000000000002
Powell,Anthony,Hearing Secret Harmonies,1975,288,Modern Library Board,43,Novel,Adult,English,Literary fiction,Male,Primary,https://www.goodreads.com/book/show/1428602.Hearing_Secret_Harmonies,http://www.librarything.com/work/2263518/book/87205893,1905,Male,69,White,English,519,4.15,314,3.8
Powell,Anthony,Temporary Kings,1973,288,Modern Library Board,43,Novel,Adult,English,Literary fiction,Male,Primary,https://www.goodreads.com/book/show/1790509.Temporary_Kings,http://www.librarything.com/work/2263542/book/87205862,1905,Male,67,White,English,513,4.17,314,3.8699999999999997
Powell,Anthony,The Acceptance World,1955,228,Modern Library Board,43,Novel,Adult,English,Literary fiction,Male,Primary,https://www.goodreads.com/book/show/2467144.The_Acceptance_World,http://www.librarything.com/work/2215246/book/87205681,1905,Male,49,White,English,828,4.11,452,3.75
Powell,Anthony,The Kindly Ones,1962,272,Modern Library Board,43,Novel,Adult,English,Literary fiction,Male,Primary,https://www.goodreads.com/book/show/1376772.The_Kindly_Ones,http://www.librarything.com/work/2263686/book/87205742,1905,Male,56,White,English,625,4.24,369,3.98
Powell,Anthony,The Military Philosophers,1968,256,Modern Library Board,43,Novel,Adult,English,Literary fiction,Male,Primary,https://www.goodreads.com/book/show/1790475.The_Military_Philosophers,http://www.librarything.com/work/2263682/book/87205822,1905,Male,62,White,English,562,4.14,330,3.8
Powell,Anthony,The Soldier's Art,1966,242,Modern Library Board,43,Novel,Adult,English,Literary fiction,Male,Primary,https://www.goodreads.com/book/show/2340615.The_Soldier_s_Art,http://www.librarything.com/work/2263688/book/87205797,1905,Male,60,White,English,584,4.23,310,3.9299999999999997
Powell,Anthony,The Valley of Bones,1964,256,Modern Library Board,43,Novel,Adult,English,Literary fiction,Male,Primary,https://www.goodreads.com/book/show/363240.The_Valley_of_Bones,http://www.librarything.com/work/2263706/book/87205774,1905,Male,58,White,English,606,4.15,342,3.74
Pynchon,Thomas,Gravity's Rainbow,1973,776,American Book Review,3,Novel,Adult,English,Experimental,Male,Primary,https://www.goodreads.com/book/show/415.Gravity_s_Rainbow,http://www.librarything.com/work/10088/book/19255590,1937,Male,35,White,American,33269,4.01,8705,4.1
Pynchon,Thomas,Gravity's Rainbow,1973,776,Modern Library Readers,21,Novel,Adult,English,Experimental,Male,Primary,https://www.goodreads.com/book/show/415.Gravity_s_Rainbow,http://www.librarything.com/work/10088/book/19255590,1937,Male,35,White,American,33269,4.01,8705,4.1
Pynchon,Thomas,V.,1963,546,Modern Library Readers,85,Novel,Adult,English,Experimental,Male,Primary,https://www.goodreads.com/book/show/5809.V_,http://www.librarything.com/work/8883/book/10084797,1937,Male,25,White,American,18067,3.96,4334,4.05
Rand,Ayn,Anthem,1938,101,Modern Library Readers,7,Novel,Adult,English,NA,Male,NA,https://www.goodreads.com/book/show/667.Anthem,http://www.librarything.com/work/862/book/24568063,1905,Female,32,White,Russian,123473,3.63,8703,3.61
Rand,Ayn,Atlas Shrugged,1957,1188,Modern Library Readers,1,Novel,Adult,English,NA,Male,NA,https://www.goodreads.com/book/show/662.Atlas_Shrugged,http://www.librarything.com/work/2791688/book/24568065,1905,Female,51,White,Russian,336325,3.69,18652,3.79
Rand,Ayn,The Fountainhead,1943,752,Modern Library Readers,2,Novel,Adult,English,NA,Male,NA,https://www.goodreads.com/book/show/2122.The_Fountainhead,http://www.librarything.com/work/3702/book/25147887,1905,Female,37,White,Russian,283084,3.86,16361,3.8899999999999997
Rand,Ayn,We the Living,1936,464,Modern Library Readers,8,Novel,Adult,English,NA,Male,NA,https://www.goodreads.com/book/show/668.We_the_Living,http://www.librarything.com/work/3046898/book/24568059,1905,Female,30,White,Russian,25020,3.91,3528,3.8099999999999996
Reed,Ishmael,Yellow Back Radio Broke-Down,1969,177,American Book Review,86,Novel,Adult,English,Western,Male,Primary,https://www.goodreads.com/book/show/43017.Yellow_Back_Radio_Broke_Down,http://www.librarything.com/work/113866/book/56644861,1938,Male,30,Black,American,532,3.83,193,3.77
Rhys,Jean,Wide Sargasso Sea,1966,192,Modern Library Board,94,Novel,Adult,English,Literary fiction,Female,Primary,https://www.goodreads.com/book/show/25622780-wide-sargasso-sea,http://www.librarything.com/work/27239/book/87207123,1890,Female,75,White,Dominican,56878,3.58,6416,3.57
Robbins,Tom,Skinny Legs and All,1990,432,American Book Review,70,Novel,Adult,English,Mystery,Mixed,Primary,https://www.goodreads.com/book/show/9370.Skinny_Legs_and_All,http://www.librarything.com/work/6522/book/24568080,1932,Male,57,White,American,39141,4.04,3928,4.04
Roth,Philip,Portnoy's Complaint,1969,289,Modern Library Board,52,Novel,Adult,English,Literary fiction,Male,Primary,https://www.goodreads.com/book/show/43945.Portnoy_s_Complaint,http://www.librarything.com/work/7733/book/11269864,1933,Male,35,White,American,51974,3.7,6143,3.62
Rushdie,Salman,Midnight's Children,1981,533,Modern Library Board,90,Novel,Adult,English,Fantasy,Male,Primary,https://www.goodreads.com/book/show/14836.Midnight_s_Children,http://www.librarything.com/work/2118/book/64293889,1947,Male,33,Asian,Indian,97837,3.98,11338,4.06
Rushdie,Salman,Midnight's Children,1981,533,American Book Review,41,Novel,Adult,English,Fantasy,Male,Primary,https://www.goodreads.com/book/show/14836.Midnight_s_Children,http://www.librarything.com/work/2118/book/64293889,1947,Male,33,Asian,Indian,97837,3.98,11338,4.06
Rushdie,Salman,The Satanic Verses,1988,576,Modern Library Readers,100,Novel,Adult,English,Literary fiction,Male,Primary,https://www.goodreads.com/book/show/12781.The_Satanic_Verses,http://www.librarything.com/work/12601/book/24568005,1947,Male,40,Asian,Indian,50186,3.71,9652,3.75
Salinger,J.D.,The Catcher in the Rye,1951,277,Modern Library Readers,19,Novel,YA,English,Literary fiction,Male,Primary,https://www.goodreads.com/book/show/5107.The_Catcher_in_the_Rye,http://www.librarything.com/work/4053418/book/11729863,1919,Male,31,White,American,2493943,3.8,57362,3.82
Salinger,J.D.,The Catcher in the Rye,1951,277,Modern Library Board,64,Novel,YA,English,Literary fiction,Male,Primary,https://www.goodreads.com/book/show/5107.The_Catcher_in_the_Rye,http://www.librarything.com/work/4053418/book/11729863,1919,Male,31,White,American,2493943,3.8,57362,3.82
Salinger,J.D.,The Catcher in the Rye,1951,277,American Book Review,60,Novel,YA,English,Literary fiction,Male,Primary,https://www.goodreads.com/book/show/5107.The_Catcher_in_the_Rye,http://www.librarything.com/work/4053418/book/11729863,1919,Male,31,White,American,2493943,3.8,57362,3.82
Schaefer,Jack,Shane,1949,157,Modern Library Readers,26,Novel,Adult,English,Western,Male,Primary,https://www.goodreads.com/book/show/257837.Shane,http://www.librarything.com/work/34120/book/11729869,1907,Male,41,White,American,9248,3.85,1325,3.86
Shute,Nevil,A Town Like Alice,1950,288,Modern Library Readers,17,Novel,Adult,English,Literary fiction,Female,Primary,https://www.goodreads.com/book/show/107301.A_Town_Like_Alice,http://www.librarything.com/work/51791/book/87274698,1899,Male,50,White,English,46854,4.14,3011,4.06
Shute,Nevil,On the Beach,1957,288,Modern Library Readers,56,Novel,Adult,English,Sci-fi,Male,Primary,https://www.goodreads.com/book/show/38180.On_the_Beach,http://www.librarything.com/work/3677552/book/24580447,1899,Male,57,White,English,32671,3.93,3945,3.8699999999999997
Shute,Nevil,Trustee from the Toolroom,1960,304,Modern Library Readers,27,Novel,Adult,English,Literary fiction,Male,Primary,https://www.goodreads.com/book/show/107300.Trustee_from_the_Toolroom,http://www.librarything.com/work/19194/book/157045820,1899,Male,60,White,English,3087,4.23,721,4.21
Sorrentino,Gilbert,Mulligan Stew,1979,445,American Book Review,94,Novel,Adult,English,Experimental,Male,Primary,https://www.goodreads.com/book/show/155159.Mulligan_Stew,http://www.librarything.com/work/128712/book/51513415,1929,Male,49,White,American,440,3.86,307,4.08
Spark,Muriel,The Prime of Miss Jean Brodie,1961,150,Modern Library Board,76,Novel,Adult,English,Literary fiction,Female,Primary,https://www.goodreads.com/book/show/517188.The_Prime_of_Miss_Jean_Brodie,http://www.librarything.com/work/26164/book/87206906,1918,Female,42,White,Scottish,39132,3.75,4149,3.75
Spillane,Mickey,One Lonely Night,1951,158,Modern Library Readers,46,Novel,Adult,English,Mystery,Male,Primary,https://www.goodreads.com/book/show/224740.One_Lonely_Night,http://www.librarything.com/work/433480/book/157045832,1918,Male,32,White,American,633,3.62,194,3.15
Stegner,Wallace,Angle of Repose,1971,569,Modern Library Board,82,Novel,Adult,English,Western,Male,Primary,https://www.goodreads.com/book/show/292408.Angle_of_Repose,http://www.librarything.com/work/16878/book/87207822,1909,Male,61,White,American,48630,4.27,4471,4.2700000000000005
Steinbeck,John,The Grapes of Wrath,1939,479,Modern Library Board,10,Novel,Adult,English,Literary fiction,Mixed,Primary,https://www.goodreads.com/book/show/18114322-the-grapes-of-wrath,http://www.librarything.com/work/8488/book/24581077,1902,Male,36,White,American,687787,3.96,27001,4.14
Steinbeck,John,The Grapes of Wrath,1939,479,Modern Library Readers,22,Novel,Adult,English,Literary fiction,Mixed,Primary,https://www.goodreads.com/book/show/18114322-the-grapes-of-wrath,http://www.librarything.com/work/8488/book/24581077,1902,Male,36,White,American,687787,3.96,27001,4.14
Steinbeck,John,The Grapes of Wrath,1939,479,American Book Review,34,Novel,Adult,English,Literary fiction,Mixed,Primary,https://www.goodreads.com/book/show/18114322-the-grapes-of-wrath,http://www.librarything.com/work/8488/book/24581077,1902,Male,36,White,American,687787,3.96,27001,4.14
Sturgeon,Theodore,More than Human,1953,192,American Book Review,93,Novel,Adult,English,Sci-fi,Mixed,Primary,https://www.goodreads.com/book/show/541024.More_Than_Human,http://www.librarything.com/work/20911/book/51819696,1918,Male,34,White,American,14096,3.97,2404,3.88
Styron,William,Sophie's Choice,1979,576,Modern Library Board,96,Novel,Adult,English,Literary fiction,Male,Primary,https://www.goodreads.com/book/show/228560.Sophie_s_Choice,http://www.librarything.com/work/7326/book/87207038,1925,Male,53,White,American,78625,4.19,4944,4.1499999999999995
Sukenick,Ronald,UP,1968,330,American Book Review,85,Novel,Adult,English,Experimental,Male,Primary,https://www.goodreads.com/book/show/709796.Up,http://www.librarything.com/work/2943754/book/51197255,1932,Male,35,White,American,58,3.72,32,2.75
Theroux,Alexander,Darconville's Cat,1981,728,American Book Review,84,Novel,Adult,English,Experimental,Male,Primary,https://www.goodreads.com/en/book/show/193408,http://www.librarything.com/work/64030/book/64294278,1939,Male,41,White,American,410,4.29,314,4.42
Tolkien,J.R.R.,The Fellowship of the Ring,1954,398,Modern Library Readers,4,Novel,Adult,English,Fantasy,Mixed,Primary,https://www.goodreads.com/book/show/34.The_Fellowship_of_the_Ring,http://www.librarything.com/work/3203347/book/109383045,1892,Male,61,White,English,2158676,4.36,40248,4.37
Tolkien,J.R.R.,The Lord of the Rings,1955,1209,Modern Library Readers,4,Novel,Adult,English,Fantasy,Mixed,Primary,https://www.goodreads.com/book/show/33.The_Lord_of_the_Rings,http://www.librarything.com/work/1386651/book/11730789,1892,Male,62,White,English,515041,4.49,41028,4.53
Tolkien,J.R.R.,The Return of the King,1955,490,Modern Library Readers,4,Novel,Adult,English,Fantasy,Mixed,Primary,https://www.goodreads.com/book/show/18512.The_Return_of_the_King,http://www.librarything.com/work/3203356/book/109383052,1892,Male,62,White,English,610594,4.52,34743,4.46
Tolkien,J.R.R.,The Two Towers,1954,322,Modern Library Readers,4,Novel,Adult,English,Fantasy,Mixed,Primary,https://www.goodreads.com/book/show/15241.The_Two_Towers,http://www.librarything.com/work/3203350/book/109383050,1892,Male,61,White,English,640545,4.44,35896,4.39
Toomer,Jean,Cane,1923,144,American Book Review,64,Novel,Adult,English,Experimental,Mixed,Primary,https://www.goodreads.com/book/show/765172.Cane,http://www.librarything.com/work/9096647/book/64301196,1894,Male,28,Black,American,7680,3.88,1069,3.77
Vollmann,William T.,The Rifles,1994,432,American Book Review,26,Novel,Adult,English,Literary fiction,Mixed,Primary,https://www.goodreads.com/book/show/45684.The_Rifles,http://www.librarything.com/work/168437/book/64293743,1959,Male,34,White,American,421,4.04,238,4
Vollmann,William T.,You Bright and Risen Angels,1987,656,American Book Review,88,Novel,Adult,English,Experimental,Mixed,Primary,https://www.goodreads.com/book/show/45633.You_Bright_and_Risen_Angels,http://www.librarything.com/work/150323/book/37498518,1959,Male,27,White,American,871,4.08,337,3.94
Vonnegut,Kurt,Slaughterhouse-Five,1969,285,American Book Review,54,Novel,Adult,English,Sci-fi,Male,Primary,https://www.goodreads.com/book/show/4981.Slaughterhouse_Five,http://www.librarything.com/work/816613/book/11730826,1922,Male,46,White,American,1043856,4.07,35633,4.109999999999999
Vonnegut,Kurt,Slaughterhouse-Five,1969,285,Modern Library Readers,23,Novel,Adult,English,Sci-fi,Male,Primary,https://www.goodreads.com/book/show/4981.Slaughterhouse_Five,http://www.librarything.com/work/816613/book/11730826,1922,Male,46,White,American,1043856,4.07,35633,4.109999999999999
Vonnegut,Kurt,Slaughterhouse-Five,1969,285,Modern Library Board,18,Novel,Adult,English,Sci-fi,Male,Primary,https://www.goodreads.com/book/show/4981.Slaughterhouse_Five,http://www.librarything.com/work/816613/book/11730826,1922,Male,46,White,American,1043856,4.07,35633,4.109999999999999
Wallace,David Foster,Infinite Jest,1996,1088,American Book Review,71,Novel,Adult,English,Experimental,Male,Primary,https://www.goodreads.com/book/show/6759.Infinite_Jest,http://www.librarything.com/work/903/book/24621910,1962,Male,33,White,American,68348,4.29,10171,4.26
Warren,Robert Penn,All the King's Men,1946,439,Modern Library Board,36,Novel,Adult,English,Literary fiction,Male,Primary,https://www.goodreads.com/book/show/5527.All_the_King_s_Men,http://www.librarything.com/work/35392/book/24622697,1905,Male,40,White,American,53111,4.09,5826,4.119999999999999
Waugh,Evelyn,A Handful of Dust,1934,320,Modern Library Board,34,Novel,Adult,English,Literary fiction,Male,Primary,https://www.goodreads.com/book/show/531262.A_Handful_of_Dust,http://www.librarything.com/work/10055/book/32762712,1903,Male,30,White,English,21845,3.92,3594,3.8299999999999996
Waugh,Evelyn,Brideshead Revisited,1945,402,Modern Library Board,80,Novel,Adult,English,Literary fiction,Male,Primary,https://www.goodreads.com/book/show/30933.Brideshead_Revisited,http://www.librarything.com/work/22550/book/87206857,1903,Male,41,White,English,88250,4,10025,4.05
Waugh,Evelyn,Brideshead Revisited,1945,402,Modern Library Readers,88,Novel,Adult,English,Literary fiction,Male,Primary,https://www.goodreads.com/book/show/30933.Brideshead_Revisited,http://www.librarything.com/work/22550/book/87206857,1903,Male,41,White,English,88250,4,10025,4.05
Waugh,Evelyn,Scoop,1938,336,Modern Library Board,75,Novel,Adult,English,Literary fiction,Male,Primary,https://www.goodreads.com/book/show/30919.Scoop,http://www.librarything.com/work/38613/book/87206831,1903,Male,34,White,English,16421,3.85,3066,3.8299999999999996
West,Nathanael,The Day of the Locust,1939,208,Modern Library Board,73,Novel,Adult,English,Literary fiction,Male,Primary,https://www.goodreads.com/book/show/113441.The_Day_of_the_Locust,http://www.librarything.com/work/3527/book/24622720,1903,Male,35,White,American,18879,3.76,1474,3.67
West,Nathanael,The Day of the Locust,1939,208,American Book Review,51,Novel,Adult,English,Literary fiction,Male,Primary,https://www.goodreads.com/book/show/113441.The_Day_of_the_Locust,http://www.librarything.com/work/3527/book/24622720,1903,Male,35,White,American,18879,3.76,1474,3.67
Wharton,Edith,The Age of Innocence,1920,332,Modern Library Board,58,Novel,Adult,English,Literary fiction,Mixed,Primary,https://www.goodreads.com/book/show/53835.The_Age_of_Innocence,http://www.librarything.com/work/2237/book/64301302,1862,Female,57,White,American,131308,3.94,10926,4.02
Wharton,Edith,The House of Mirth,1905,370,Modern Library Board,69,Novel,Adult,English,Literary fiction,Female,Primary,https://www.goodreads.com/book/show/17728.The_House_of_Mirth,http://www.librarything.com/work/11880/book/64301327,1862,Female,42,White,American,77489,3.95,7839,4.04
Wharton,Edith,The House of Mirth,1905,370,American Book Review,65,Novel,Adult,English,Literary fiction,Female,Primary,https://www.goodreads.com/book/show/17728.The_House_of_Mirth,http://www.librarything.com/work/11880/book/64301327,1862,Female,42,White,American,77489,3.95,7839,4.04
Wilder,Thornton,The Bridge of San Luis Rey,1927,160,Modern Library Board,37,Novel,Adult,English,Literary fiction,Male,Primary,https://www.goodreads.com/book/show/92508.The_Bridge_of_San_Luis_Rey,http://www.librarything.com/work/25867/book/24622845,1897,Male,29,White,American,28018,3.8,3746,3.7800000000000002
Windling,Terri,The Wood Wife,1996,320,Modern Library Readers,70,Novel,Adult,English,Fantasy,Female,Primary,https://www.goodreads.com/book/show/463024.The_Wood_Wife,http://www.librarything.com/work/1003678/book/157045875,1958,Female,37,White,American,3068,4.2,871,4.22
Wolfe,Gene,The Claw of the Conciliator,1981,303,American Book Review,78,Novel,Adult,English,Fantasy,Male,Primary,https://www.goodreads.com/book/show/463376.The_Claw_of_the_Conciliator,http://www.librarything.com/work/99856/book/24622679,1931,Male,49,White,American,9891,3.97,1271,4.02
Wolfe,Thomas,"Look Homeward, Angel",1929,544,American Book Review,95,Novel,Adult,English,Literary fiction,Male,Primary,https://www.goodreads.com/book/show/12448.Look_Homeward_Angel,http://www.librarything.com/work/23368/book/24622891,1900,Male,28,White,American,12330,3.93,2829,4.01
Woolf,Virginia,To the Lighthouse,1927,228,Modern Library Readers,48,Novel,Adult,English,Experimental,Mixed,Primary,https://www.goodreads.com/book/show/59716.To_the_Lighthouse,http://www.librarything.com/work/316/book/24623033,1882,Female,44,White,English,117458,3.77,14180,3.8699999999999997
Woolf,Virginia,To the Lighthouse,1927,228,American Book Review,15,Novel,Adult,English,Experimental,Mixed,Primary,https://www.goodreads.com/book/show/59716.To_the_Lighthouse,http://www.librarything.com/work/316/book/24623033,1882,Female,44,White,English,117458,3.77,14180,3.8699999999999997
Woolf,Virginia,To the Lighthouse,1927,228,Modern Library Board,15,Novel,Adult,English,Experimental,Mixed,Primary,https://www.goodreads.com/book/show/59716.To_the_Lighthouse,http://www.librarything.com/work/316/book/24623033,1882,Female,44,White,English,117458,3.77,14180,3.8699999999999997
Wright,Richard,Native Son,1940,544,American Book Review,50,Novel,Adult,English,Literary fiction,Male,Primary,https://www.goodreads.com/book/show/15622.Native_Son,http://www.librarything.com/work/8100/book/24623106,1908,Male,31,Black,American,78824,3.99,6082,3.94
Wright,Richard,Native Son,1940,544,Modern Library Board,20,Novel,Adult,English,Literary fiction,Male,Primary,https://www.goodreads.com/book/show/15622.Native_Son,http://www.librarything.com/work/8100/book/24623106,1908,Male,31,Black,American,78824,3.99,6082,3.94
Wright,Stephen,Going Native,1994,320,American Book Review,13,Novel,Adult,English,Experimental,Male,Primary,https://www.goodreads.com/book/show/14326.Going_Native,http://www.librarything.com/work/23073/book/28343067,1946,Male,47,White,American,691,3.57,317,3.5
