authorFirst,authorLast,bookTitle,pubYear,pageCount,bookType,bookAudience,language,primaryGenre,charGender,authorCount,pseudonym,linkGR,linkLT,authorDOB,authorGender,authorAge,authorRace,authorNationality,countGR,ratingGR,countLT,ratingLT
Michael,Crichton,Odds On,1966,288,Novel,Adult,English,Mystery,Male,Primary,Y,https://www.goodreads.com/book/show/18078737-odds-on,http://www.librarything.com/work/1760628/book/112341755,1942,Male,23,White,American,658,3.4,78,3.21
Michael,Crichton,A Case of Need,1968,434,Novel,Adult,English,Mystery,Male,Primary,Y,https://www.goodreads.com/book/show/7663.A_Case_of_Need,http://www.librarything.com/work/57176/book/11269697,1942,Male,25,White,American,29581,3.71,2610,3.3
Michael,Crichton,The Andromeda Strain,1969,306,Novel,Adult,English,Sci-fi,Male,Primary,N,https://www.goodreads.com/book/show/7670.The_Andromeda_Strain,http://www.librarything.com/work/12393/book/11269636,1942,Male,26,White,American,205841,3.89,7889,3.66
Michael,Crichton,Five Patients,1970,272,Thematic non-fiction,Adult,English,Popular science,Male,Primary,N,https://www.goodreads.com/book/show/7681.Five_Patients,http://www.librarything.com/work/68946/book/12501757,1942,Male,27,White,American,5004,3.48,781,2.9299999999999997
Michael,Crichton,Grave Descend,1970,203,Novel,Adult,English,Mystery,Male,Primary,Y,https://www.goodreads.com/book/show/652837.Grave_Descend,http://www.librarything.com/work/1460476/book/31877676,1942,Male,27,White,American,2180,3.68,227,3.56
Michael,Crichton,Easy Go,1968,288,Novel,Adult,English,Mystery,Male,Primary,Y,https://www.goodreads.com/book/show/18310315-easy-go,http://www.librarything.com/work/2221158/book/31877743,1942,Male,25,White,American,1303,3.65,122,3.3499999999999996
Michael,Crichton,Drug of Choice,1970,224,Novel,Adult,English,Mystery,Male,Primary,Y,https://www.goodreads.com/book/show/18310318-drug-of-choice,http://www.librarything.com/work/1891251/book/112341733,1942,Male,27,White,American,1108,3.5,87,3.25
Michael,Crichton,The Great Train Robbery,1975,386,Novel,Adult,English,Mystery,Male,Primary,N,https://www.goodreads.com/book/show/7682.The_Great_Train_Robbery,http://www.librarything.com/work/4809/book/11269691,1942,Male,32,White,American,24150,3.85,2942,3.75
Michael,Crichton,Scratch One,1967,272,Novel,Adult,English,Mystery,Male,Primary,Y,https://www.goodreads.com/book/show/18310314-scratch-one,http://www.librarything.com/work/1491410/book/112341756,1942,Male,24,White,American,455,3.32,83,3.46
Michael,Crichton,Binary,1972,213,Novel,Adult,English,Sci-fi,Male,Primary,Y,https://www.goodreads.com/book/show/18310320-binary,http://www.librarything.com/work/291703/book/55330464,1942,Male,29,White,American,2671,3.52,351,3.2800000000000002
Michael,Crichton,The Terminal Man,1972,290,Novel,Adult,English,Sci-fi,Male,Primary,N,https://www.goodreads.com/book/show/7679.The_Terminal_Man,http://www.librarything.com/work/60688/book/11269682,1942,Male,29,White,American,23174,3.36,2963,3.22
Michael,Crichton,Travels,1988,404,Narrative non-fiction,Adult,English,Memoir,Male,Primary,N,https://www.goodreads.com/book/show/7665.Travels,http://www.librarything.com/work/57295/book/24409353,1942,Male,45,White,American,7708,3.95,1127,3.67
Michael,Crichton,The Venom Business,1969,400,Novel,Adult,English,Mystery,Male,Primary,Y,https://www.goodreads.com/book/show/18310317-the-venom-business,http://www.librarything.com/work/5323962/book/112341769,1942,Male,26,White,American,425,3.44,74,3.46
Michael,Crichton,Congo,1980,386,Novel,Adult,English,Sci-fi,Male,Primary,N,https://www.goodreads.com/book/show/7672.Congo,http://www.librarything.com/work/11616/book/11269647,1942,Male,37,White,American,148943,3.59,6537,3.2600000000000002
Michael,Crichton,Sphere,1987,543,Novel,Adult,English,Sci-fi,Male,Primary,N,https://www.goodreads.com/book/show/455373.Sphere,http://www.librarything.com/work/17543/book/11269625,1942,Male,44,White,American,154485,3.79,7901,3.56
Michael,Crichton,The Lost World,1995,448,Novel,Adult,English,Sci-fi,Male,Primary,N,https://www.goodreads.com/book/show/8650.The_Lost_World,http://www.librarything.com/work/12409/book/11269610,1942,Male,52,White,American,111790,3.77,8086,3.5
Michael,Crichton,Airframe,1996,448,Novel,Adult,English,Mystery,Female,Primary,N,https://www.goodreads.com/book/show/7667.Airframe,http://www.librarything.com/work/2319/book/11269659,1942,Male,53,White,American,73102,3.7,5967,3.3699999999999997
Michael,Crichton,Timeline,1999,512,Novel,Adult,English,Sci-fi,Male,Primary,N,https://www.goodreads.com/book/show/7669.Timeline,http://www.librarything.com/work/8362/book/11269606,1942,Male,56,White,American,178169,3.85,10998,3.54
Michael,Crichton,Prey,2003,545,Novel,Adult,English,Sci-fi,Male,Primary,N,https://www.goodreads.com/book/show/83763.Prey,http://www.librarything.com/work/11621/book/11269615,1942,Male,60,White,American,154038,3.75,8129,3.44
Michael,Crichton,State of Fear,2004,624,Novel,Adult,English,Sci-fi,Male,Primary,N,https://www.goodreads.com/book/show/15860.State_of_Fear,http://www.librarything.com/work/3658/book/11269656,1942,Male,61,White,American,77357,3.7,7164,3.4
Michael,Crichton,Next,2006,448,Novel,Adult,English,Sci-fi,Male,Primary,N,https://www.goodreads.com/book/show/7661.Next,http://www.librarything.com/work/1806474/book/17478584,1942,Male,63,White,American,62577,3.5,5784,3.24
Michael,Crichton,Pirate Latitudes,2009,324,Novel,Adult,English,Fantasy,Male,Primary,N,https://www.goodreads.com/book/show/6428887-pirate-latitudes,http://www.librarything.com/work/8287115/book/52265854,1942,Male,66,White,American,38745,3.44,3228,3.32
Michael,Crichton,Micro,2011,563,Novel,Adult,English,Sci-fi,Male,Primary,N,https://www.goodreads.com/book/show/11660590-micro,http://www.librarything.com/work/11375989/book/86295047,1942,Male,68,White,American,28641,3.43,1526,3.2
Michael,Crichton,Dragon Teeth,2017,387,Novel,Adult,English,Western,Male,Primary,N,https://www.goodreads.com/book/show/31287693-dragon-teeth,http://www.librarything.com/work/18861305/book/141794787,1942,Male,74,White,American,23674,3.77,712,3.68
Michael,Crichton,Disclosure,1993,466,Novel,Adult,English,Mystery,Male,Primary,N,https://www.goodreads.com/book/show/7675.Disclosure,http://www.librarything.com/work/35684/book/11269664,1942,Male,50,White,American,66402,3.78,4383,3.4099999999999997
Michael,Crichton,Rising Sun,1992,386,Novel,Adult,English,Mystery,Male,Primary,N,https://www.goodreads.com/book/show/7668.Rising_Sun,http://www.librarything.com/work/18918/book/11269660,1942,Male,49,White,American,45805,3.63,4493,3.36
Michael,Crichton,Zero Cool,1969,240,Novel,Adult,English,Mystery,Male,Primary,Y,https://www.goodreads.com/book/show/2767617-zero-cool,http://www.librarything.com/work/2221157/book/51331527,1942,Male,26,White,American,1237,3.53,190,3.3899999999999997
Michael,Crichton,Dealing,1970,222,Novel,Adult,English,Mystery,Male,Primary,Y,https://www.goodreads.com/book/show/147780.Dealing_or_The_Berkeley_To_Boston_Forty_Brick_Lost_Bag_Blues,http://www.librarything.com/work/566168/book/112709295,1942,Male,27,White,American,183,3.31,54,3.3299999999999996
Michael,Crichton,Eaters of the Dead,1976,292,Novel,Adult,English,Fantasy,Male,Primary,N,https://www.goodreads.com/book/show/7673.Eaters_of_the_Dead,http://www.librarything.com/work/6852/book/11269679,1942,Male,33,White,American,33120,3.66,4063,3.51
Michael,Crichton,Jurassic Park,1990,466,Novel,Adult,English,Sci-fi,Male,Primary,N,https://www.goodreads.com/book/show/40604658-jurassic-park,http://www.librarything.com/work/12359/book/11269587,1942,Male,47,White,American,749056,4.01,15604,3.9099999999999997
Neil,Gaiman,Black Orchid,1989,160,Comics,Adult,English,Sci-fi,Female,Primary,N,https://www.goodreads.com/book/show/47700.Black_Orchid,https://www.librarything.com/work/6982/book/114240695,1960,Male,28,White,English,10130,3.72,1321,3.56
Neil,Gaiman,The Books of Magic,1991,200,Comics,YA,English,Fantasy,Male,Primary,N,https://www.goodreads.com/book/show/17727.The_Books_of_Magic,https://www.librarything.com/work/5946/book/114240702,1960,Male,30,White,English,14851,4.08,1696,3.94
Neil,Gaiman,Death: The High Cost of Living,1993,104,Comics,Adult,English,Fantasy,Female,Primary,N,https://www.goodreads.com/book/show/16791.Death,https://www.librarything.com/work/5735/book/114240723,1960,Male,32,White,English,39327,4.18,3140,4.13
Neil,Gaiman,The Last Temptation,1994,104,Comics,Adult,English,Fantasy,Male,Primary,N,https://www.goodreads.com/book/show/47696.The_Last_Temptation,https://www.librarything.com/work/45046/book/116122555,1960,Male,33,White,English,4085,3.55,669,3.36
Neil,Gaiman,Violent Cases,1987,48,Graphic novel,Adult,English,Horror,Male,Primary,N,https://www.goodreads.com/book/show/428658.Violent_Cases,https://www.librarything.com/work/47288/book/114240684,1960,Male,26,White,English,3826,3.79,900,3.8299999999999996
Neil,Gaiman,Sandman Midnight Theatre,1995,64,Comics,Adult,English,Fantasy,Male,Primary,N,https://www.goodreads.com/book/show/161197.Sandman_Midnight_Theatre,https://www.librarything.com/work/211498/book/116122415,1960,Male,34,White,English,1047,3.95,168,3.38
Neil,Gaiman,Coraline: The Graphic Novel,2008,192,Graphic novel,YA,English,Horror,Female,Primary,N,https://www.goodreads.com/book/show/1967070.Coraline,https://www.librarything.com/work/4588179/book/116122765,1960,Male,47,White,English,19714,3.97,1465,3.86
Neil,Gaiman,Death: The Time of Your Life,1996,95,Comics,Adult,English,Fantasy,Female,Primary,N,https://www.goodreads.com/book/show/22339.Death,https://www.librarything.com/work/6997/book/114240731,1960,Male,35,White,English,12581,4.22,2024,4.04
Neil,Gaiman,Shoggoth's Old Peculiar,1998,44,Comics,Adult,English,Horror,Male,Primary,N,https://www.goodreads.com/book/show/47728.Shoggoth_s_Old_Peculiar,https://www.librarything.com/work/261879/book/116122896,1960,Male,37,White,English,1071,4.02,160,4.29
Neil,Gaiman,Harlequin Valentine,2001,40,Graphic novel,Adult,English,Fantasy,Male,Primary,N,https://www.goodreads.com/book/show/47695.Harlequin_Valentine,https://www.librarything.com/work/5799/book/116122740,1960,Male,40,White,English,2909,3.79,647,3.64
Neil,Gaiman,Green Lantern & Superman: Legend of the Green Flame,2000,38,Comics,YA,English,Sci-fi,Male,Primary,N,https://www.goodreads.com/book/show/6368048-green-lantern-superman,https://www.librarything.com/work/215650/book/116122454,1960,Male,39,White,English,232,3.55,57,3.3499999999999996
Neil,Gaiman,Murder Mysteries,2002,64,Graphic novel,Adult,English,Fantasy,Male,Primary,N,https://www.goodreads.com/book/show/490789.Murder_Mysteries,https://www.librarything.com/work/5849/book/116122746,1960,Male,41,White,English,4860,4.07,892,3.98
Neil,Gaiman,The Graveyard Book,2008,320,Novel,YA,English,Fantasy,Male,Primary,N,https://www.goodreads.com/book/show/2213661.The_Graveyard_Book,https://www.librarything.com/work/4479754/book/55400514,1960,Male,47,White,English,403570,4.13,16974,4.18
Neil,Gaiman,The Sandman: Endless Nights,2003,160,Graphic novel,Adult,English,Fantasy,Mixed,Primary,N,https://www.goodreads.com/book/show/47720.The_Sandman,https://www.librarything.com/work/6046/book/114240442,1960,Male,42,White,English,23722,4.34,3776,4.24
Neil,Gaiman,Marvel 1602,2004,248,Comics,YA,English,Fantasy,Mixed,Primary,N,https://www.goodreads.com/book/show/15719.Marvel_1602,https://www.librarything.com/work/36415/book/114240744,1960,Male,43,White,English,52286,3.93,2861,3.88
Neil,Gaiman,Creatures of the Night,2004,46,Graphic novel,Adult,English,Horror,Male,Primary,N,https://www.goodreads.com/book/show/22344.Creatures_of_the_Night,https://www.librarything.com/work/5725/book/116122751,1960,Male,43,White,English,1885,3.84,503,3.7800000000000002
Neil,Gaiman,"Eternals, Volume III",2007,256,Comics,YA,English,Fantasy,Mixed,Primary,N,https://www.goodreads.com/book/show/47694.Eternals,https://www.librarything.com/work/3786208/book/114240676,1960,Male,46,White,English,6697,3.61,900,3.53
Neil,Gaiman,The Facts in the Case of the Departure of Miss Finch,2008,51,Graphic novel,Adult,English,Horror,Female,Primary,N,https://www.goodreads.com/book/show/16794.The_Facts_in_the_Case_of_the_Departure_of_Miss_Finch,https://www.librarything.com/work/1485966/book/116122846,1960,Male,47,White,English,2297,3.55,412,3.34
Neil,Gaiman,"Fortunately, the Milk",2013,113,Novel,Kidlit,English,Sci-fi,Male,Primary,N,https://www.goodreads.com/book/show/17349203-fortunately-the-milk,https://www.librarything.com/work/13513278/book/111858708,1960,Male,52,White,English,45376,4.06,1801,4.03
Neil,Gaiman,The Day I Swapped My Dad for Two Goldfish,1998,64,Picture book,Kidlit,English,Fantasy,Male,Primary,N,https://www.goodreads.com/book/show/47693.The_Day_I_Swapped_My_Dad_for_Two_Goldfish,https://www.librarything.com/work/45111/book/48571980,1960,Male,37,White,English,9843,4.03,1779,4.119999999999999
Neil,Gaiman,The Ocean at the End of the Lane,2013,181,Novel,Adult,English,Horror,Male,Primary,N,https://www.goodreads.com/book/show/15783514-the-ocean-at-the-end-of-the-lane,https://www.librarything.com/work/13117059/book/111858470,1960,Male,52,White,English,436127,4,9575,4.08
Neil,Gaiman,Sandman: The Dream Hunters,2009,144,Comics,Adult,English,Fantasy,Male,Primary,N,https://www.goodreads.com/book/show/6307034-the-sandman,https://www.librarything.com/work/10537869/book/116122385,1960,Male,48,White,English,9681,4.46,511,4.26
Neil,Gaiman,Hansel and Gretel,2014,54,Picture book,Kidlit,English,Fantasy,Mixed,Primary,N,https://www.goodreads.com/book/show/20718289-hansel-and-gretel,https://www.librarything.com/work/14975198/book/116122792,1960,Male,53,White,English,9186,3.8,486,3.75
Neil,Gaiman,The Graveyard Book: The Graphic Novel,2014,358,Graphic novel,YA,English,Fantasy,Male,Primary,N,https://www.goodreads.com/book/show/28371842-the-graveyard-book,https://www.librarything.com/work/18468255,1960,Male,53,White,English,787,4.33,50,4.7
Neil,Gaiman,Chu's Day at the Beach,2015,32,Picture book,Kidlit,English,Fantasy,Male,Primary,N,https://www.goodreads.com/book/show/22864821-chu-s-day-at-the-beach,https://www.librarything.com/work/15707836/book/122914649,1960,Male,54,White,English,1094,3.79,80,4
Neil,Gaiman,Batman: Whatever Happened to the Caped Crusader?,2009,128,Comics,YA,English,Fantasy,Male,Primary,N,https://www.goodreads.com/book/show/5599692-batman,https://www.librarything.com/work/6873025/book/114240506,1960,Male,48,White,English,16656,3.97,666,3.8499999999999996
Neil,Gaiman,The Truth is a Cave in the Black Mountains,2014,74,Graphic novel,Adult,English,Horror,Male,Primary,N,https://www.goodreads.com/book/show/18635092-the-truth-is-a-cave-in-the-black-mountains,https://www.librarything.com/work/10699688/book/116122794,1960,Male,53,White,English,8167,3.98,459,4.06
Neil,Gaiman,The Sandman: Overture,2015,224,Comics,Adult,English,Fantasy,Male,Primary,N,https://www.goodreads.com/book/show/18310944-the-sandman,https://www.librarything.com/work/15914127/book/123167464,1960,Male,54,White,English,56900,3.98,868,4.2700000000000005
Neil,Gaiman,Angels and Visitations: A Miscellany,1993,166,Stories,Adult,English,Fantasy,Mixed,Primary,N,https://www.goodreads.com/book/show/17327.Angels_and_Visitations,https://www.librarything.com/work/5684/book/111858720,1960,Male,32,White,English,1643,4.15,677,4.1899999999999995
Neil,Gaiman,Neverwhere,1996,370,Novel,Adult,English,Fantasy,Male,Primary,N,https://www.goodreads.com/book/show/14497.Neverwhere,https://www.librarything.com/work/897386/book/11724263,1960,Male,35,White,English,390552,4.17,21069,4.109999999999999
Neil,Gaiman,Smoke and Mirrors,1998,365,Stories,Adult,English,Fantasy,Mixed,Primary,N,https://www.goodreads.com/book/show/16790.Smoke_and_Mirrors,https://www.librarything.com/work/897403/book/11724275,1960,Male,37,White,English,60623,4.04,8746,3.9899999999999998
Neil,Gaiman,Stardust,1998,248,Novel,YA,English,Fantasy,Male,Primary,N,https://www.goodreads.com/book/show/16793.Stardust,https://www.librarything.com/work/3574878/book/13473161,1960,Male,37,White,English,326220,4.08,17754,4.03
Neil,Gaiman,The Silver Dream,2013,240,Novel,YA,English,Fantasy,Male,Tertiary,N,https://www.goodreads.com/book/show/16248073-the-silver-dream,https://www.librarything.com/work/13392054/book/111858713,1960,Male,52,White,English,4283,3.56,264,3.3699999999999997
Neil,Gaiman,The Sandman: The Dream Hunters,1999,128,Graphic novel,Adult,English,Fantasy,Male,Primary,N,https://www.goodreads.com/book/show/166580.The_Sandman,https://www.librarything.com/work/5891/book/114240464,1960,Male,38,White,English,17885,4.39,2755,4.3
Neil,Gaiman,American Gods,2001,560,Novel,Adult,English,Fantasy,Male,Primary,N,https://www.goodreads.com/book/show/30165203-american-gods,https://www.librarything.com/work/2280068/book/11724257,1960,Male,40,White,English,690508,4.11,28042,4.08
Neil,Gaiman,A Walking Tour of the Shambles,2002,57,Narrative non-fiction,Adult,English,Memoir,Male,Primary,N,https://www.goodreads.com/book/show/92060.A_Walking_Tour_of_the_Shambles,https://www.librarything.com/work/5667/book/116122862,1960,Male,41,White,English,284,3.74,211,3.54
Neil,Gaiman,Signal to Noise,1992,80,Graphic novel,Adult,English,Fantasy,Male,Primary,N,https://www.goodreads.com/book/show/166570.Signal_to_Noise,https://www.librarything.com/work/5897/book/114240661,1960,Male,31,White,English,3840,3.84,837,3.68
Neil,Gaiman,Coraline,2002,162,Novel,YA,English,Horror,Female,Primary,N,https://www.goodreads.com/book/show/17061.Coraline,https://www.librarything.com/work/4183/book/55400500,1960,Male,41,White,English,431634,4.06,15682,4
Neil,Gaiman,The Wolves in the Walls,2003,56,Graphic novel,Kidlit,English,Horror,Female,Primary,N,https://www.goodreads.com/book/show/22341.The_Wolves_in_the_Walls,https://www.librarything.com/work/6071/book/48571824,1960,Male,42,White,English,14926,4.06,2406,4.14
Neil,Gaiman,Anansi Boys,2005,387,Novel,Adult,English,Fantasy,Male,Primary,N,https://www.goodreads.com/book/show/2744.Anansi_Boys,https://www.librarything.com/work/4609344/book/11724272,1960,Male,44,White,English,180036,4.02,17156,3.94
Neil,Gaiman,Spawn: Angela's Hunt,1995,100,Comics,Adult,English,Fantasy,Female,Primary,N,https://www.goodreads.com/book/show/92059.Spawn,https://www.librarything.com/work/3180349/book/116122466,1960,Male,34,White,English,375,3.65,81,3.5
Neil,Gaiman,Fragile Things: Short Fictions and Wonders,2006,360,Stories,Adult,English,Fantasy,Mixed,Primary,N,https://www.goodreads.com/book/show/16788.Fragile_Things,https://www.librarything.com/work/901239/book/111858722,1960,Male,45,White,English,54148,4,8078,3.9699999999999998
Neil,Gaiman,M is for Magic,2007,260,Stories,YA,English,Fantasy,Mixed,Primary,N,https://www.goodreads.com/book/show/47699.M_Is_for_Magic,https://www.librarything.com/work/1989017/book/111858589,1960,Male,46,White,English,14458,3.82,1820,3.8099999999999996
Neil,Gaiman,The Tragical Comedy or Comical Tragedy of Mr. Punch,1994,96,Graphic novel,YA,English,Horror,Male,Primary,N,https://www.goodreads.com/book/show/16792.The_Tragical_Comedy_or_Comical_Tragedy_of_Mr_Punch,https://www.librarything.com/work/5847/book/48571930,1960,Male,33,White,English,6901,3.77,1444,3.8499999999999996
Neil,Gaiman,Eternity's Wheel,2015,288,Novel,YA,English,Fantasy,Male,Tertiary,N,https://www.goodreads.com/book/show/23131075-eternity-s-wheel,https://www.librarything.com/work/15869626/book/119617545,1960,Male,54,White,English,2136,3.68,108,3.44
Neil,Gaiman,InterWorld,2007,239,Novel,YA,English,Fantasy,Male,Secondary,N,https://www.goodreads.com/book/show/47701.InterWorld,https://www.librarything.com/work/2877371/book/111858615,1960,Male,46,White,English,18101,3.53,2145,3.4699999999999998
Neil,Gaiman,Make Good Art,2013,80,Essays,Adult,English,Criticism,Male,Primary,N,https://www.goodreads.com/book/show/16240792-make-good-art,https://www.librarything.com/work/13501931/book/116122758,1960,Male,52,White,English,8145,4.29,373,4.34
Neil,Gaiman,The Dangerous Alphabet,2008,32,Picture book,Kidlit,English,Fantasy,Mixed,Primary,N,https://www.goodreads.com/book/show/1967071.The_Dangerous_Alphabet,https://www.librarything.com/work/4479753/book/111858667,1960,Male,47,White,English,3894,4.08,787,3.9299999999999997
Neil,Gaiman,Trigger Warning: Short Fictions and Disturbances,2015,310,Stories,Adult,English,Fantasy,Mixed,Primary,N,https://www.goodreads.com/book/show/22522808-trigger-warning,https://www.librarything.com/work/15438777/book/116122936,1960,Male,54,White,English,47112,3.93,2458,3.98
Neil,Gaiman,Blueberry Girl,2009,32,Picture book,Kidlit,English,Fantasy,Female,Primary,N,https://www.goodreads.com/book/show/1967067.Blueberry_Girl,https://www.librarything.com/work/6573418/book/111858687,1960,Male,48,White,English,5402,4.19,664,4.06
Neil,Gaiman,The Sleeper and the Spindle,2014,72,Graphic novel,Adult,English,Fantasy,Female,Primary,N,https://www.goodreads.com/book/show/23301545-the-sleeper-and-the-spindle,https://www.librarything.com/work/14975396/book/116122791,1960,Male,53,White,English,34727,3.9,1217,4.07
Neil,Gaiman,Odd and the Frost Giants,2009,97,Novel,YA,English,Fantasy,Male,Primary,N,https://www.goodreads.com/book/show/2108198.Odd_and_the_Frost_Giants,https://www.librarything.com/work/4741218/book/98730227,1960,Male,48,White,English,26108,3.98,2534,3.94
Neil,Gaiman,Instructions,2010,40,Picture book,Kidlit,English,Fantasy,Female,Primary,N,https://www.goodreads.com/book/show/7023148-instructions,https://www.librarything.com/work/6692840/book/111858699,1960,Male,49,White,English,5940,4.29,700,4.2700000000000005
Neil,Gaiman,Chu's Day,2013,30,Picture book,Kidlit,English,Fantasy,Male,Primary,N,https://www.goodreads.com/book/show/15727792-chu-s-day,https://www.librarything.com/work/13114401/book/111858705,1960,Male,52,White,English,4652,3.86,407,3.68
Neil,Gaiman,Crazy Hair,2009,40,Picture book,Kidlit,English,Fantasy,Mixed,Primary,N,https://www.goodreads.com/book/show/4583488-crazy-hair,https://www.librarything.com/work/5972756/book/111858691,1960,Male,48,White,English,2994,3.97,392,4
Neil,Gaiman,Norse Mythology,2017,304,Stories,Adult,English,Fantasy,Mixed,Primary,N,https://www.goodreads.com/book/show/37903770-norse-mythology,https://www.librarything.com/work/17992577/book/138625982,1960,Male,56,White,English,168126,4.09,3787,4.02
Neil,Gaiman,"Good Omens: The Nice and Accurate Prophecies of Agnes Nutter, Witch",1990,412,Novel,Adult,English,Fantasy,Male,Secondary,N,https://www.goodreads.com/book/show/48237462-good-omens,https://www.librarything.com/work/5794/book/11724258,1960,Male,29,White,English,464511,4.25,26409,4.26
Neil,Gaiman,Chu's First Day of School,2014,30,Picture book,Kidlit,English,Fantasy,Male,Primary,N,https://www.goodreads.com/book/show/17718088-chu-s-first-day-of-school,https://www.librarything.com/work/14083548/book/111858794,1960,Male,53,White,English,1440,3.79,150,3.9099999999999997
Neil,Gaiman,The View from the Cheap Seats: Selected Nonfiction,2016,522,Essays,Adult,English,Criticism,Male,Primary,N,https://www.goodreads.com/book/show/24331386-the-view-from-the-cheap-seats,https://www.librarything.com/work/17246319/book/129727976,1960,Male,55,White,English,10565,4,977,4.02
Neil,Gaiman,MirrorMask,2005,80,Graphic novel,YA,English,Fantasy,Male,Primary,N,https://www.goodreads.com/book/show/760984.MirrorMask,https://www.librarything.com/work/6536855/book/116122802,1960,Male,44,White,English,6958,3.87,651,3.9
Neil,Gaiman,The Sandman: The Song of Orpheus,1991,64,Comics,Adult,English,Fantasy,Male,Primary,N,https://www.goodreads.com/book/show/19434998-sandman-special-1,https://www.librarything.com/work/2070772/book/114878871,1960,Male,30,White,English,499,4.19,28,4
Stephen,King,Danse Macabre,1981,400,Essays,Adult,English,Criticism,Male,Primary,N,https://www.goodreads.com/book/show/11563.Danse_Macabre,http://www.librarything.com/work/5910/book/30207419,1947,Male,33,White,American,23531,3.64,3326,3.79
Stephen,King,The Running Man,1982,219,Novel,Adult,English,Sci-fi,Male,Primary,Y,https://www.goodreads.com/book/show/11607.The_Running_Man,http://www.librarything.com/work/109376/book/11727065,1947,Male,34,White,American,91081,3.86,2806,3.62
Stephen,King,Roadwork,1981,274,Novel,Adult,English,Literary fiction,Male,Primary,Y,https://www.goodreads.com/book/show/10577.Roadwork,http://www.librarything.com/work/35821/book/11727064,1947,Male,33,White,American,24942,3.6,1406,3.34
Stephen,King,Different Seasons,1982,527,Stories,Adult,English,Horror,Male,Primary,N,https://www.goodreads.com/book/show/39662.Different_Seasons,http://www.librarything.com/work/1482/book/24493808,1947,Male,34,White,American,161219,4.35,7117,3.9899999999999998
Stephen,King,Carrie,1974,199,Novel,Adult,English,Horror,Female,Primary,N,https://www.goodreads.com/book/show/10592.Carrie,http://www.librarything.com/work/12444/book/11726887,1947,Male,26,White,American,465289,3.95,10803,3.72
Stephen,King,The Talisman,1984,646,Novel,Adult,English,Fantasy,Male,Primary,N,https://www.goodreads.com/book/show/59219.The_Talisman,http://www.librarything.com/work/6057/book/52334507,1947,Male,36,White,American,101604,4.13,7909,4.03
Stephen,King,Christine,1983,526,Novel,Adult,English,Horror,Mixed,Primary,N,https://www.goodreads.com/book/show/10629.Christine,http://www.librarything.com/work/35808/book/24493871,1947,Male,35,White,American,183455,3.77,6828,3.54
Stephen,King,Cycle of the Werewolf,1983,127,Novel,YA,English,Horror,Male,Primary,N,https://www.goodreads.com/book/show/550844.Cycle_of_the_Werewolf,http://www.librarything.com/work/55842/book/47175992,1947,Male,35,White,American,43886,3.64,2369,3.4099999999999997
Stephen,King,Pet Sematary,1983,374,Novel,Adult,English,Horror,Male,Primary,N,https://www.goodreads.com/book/show/33124137-pet-sematary,http://www.librarything.com/work/24308/book/24493854,1947,Male,35,White,American,375150,3.97,10403,3.74
Stephen,King,It,1986,1138,Novel,Adult,English,Horror,Mixed,Primary,N,https://www.goodreads.com/book/show/830502.It,http://www.librarything.com/work/1489/book/11726858,1947,Male,38,White,American,704519,4.24,15810,4.08
Stephen,King,Misery,1987,310,Novel,Adult,English,Horror,Male,Primary,N,https://www.goodreads.com/book/show/10614.Misery,http://www.librarything.com/work/2724/book/55611407,1947,Male,39,White,American,442885,4.15,11155,3.96
Stephen,King,The Drawing of the Three,1987,400,Novel,Adult,English,Horror,Mixed,Primary,N,https://www.goodreads.com/book/show/5094.The_Drawing_of_the_Three,http://www.librarything.com/work/3405/book/55330889,1947,Male,39,White,American,197815,4.23,12447,4.08
Stephen,King,The Eyes of the Dragon,1987,326,Novel,YA,English,Fantasy,Male,Primary,N,https://www.goodreads.com/book/show/10611.The_Eyes_of_the_Dragon,http://www.librarything.com/work/3246263/book/52334489,1947,Male,39,White,American,96059,3.93,8218,3.82
Stephen,King,The Gunslinger,1982,224,Novel,Adult,English,Western,Male,Primary,N,https://www.goodreads.com/book/show/43615.The_Gunslinger,http://www.librarything.com/work/3411/book/55330843,1947,Male,34,White,American,473062,3.96,17485,3.8299999999999996
Stephen,King,Joyland,2013,288,Novel,Adult,English,Mystery,Male,Primary,N,https://www.goodreads.com/book/show/13596166-joyland,http://www.librarything.com/work/12646263/book/103590121,1947,Male,65,White,American,102304,3.91,3025,3.8899999999999997
Stephen,King,The Tommyknockers,1987,558,Novel,Adult,English,Sci-fi,Mixed,Primary,N,https://www.goodreads.com/book/show/17660.The_Tommyknockers,http://www.librarything.com/work/24491/book/55622422,1947,Male,39,White,American,115517,3.53,7259,3.32
Stephen,King,The Dark Half,1989,431,Novel,Adult,English,Horror,Male,Primary,N,https://www.goodreads.com/book/show/11597.The_Dark_Half,http://www.librarything.com/work/24425/book/55622429,1947,Male,41,White,American,115482,3.77,6808,3.57
Stephen,King,Four Past Midnight,1990,763,Stories,Adult,English,Horror,Male,Primary,N,https://www.goodreads.com/book/show/133266.Four_Past_Midnight,http://www.librarything.com/work/1328808/book/55622433,1947,Male,42,White,American,92845,3.92,6211,3.72
Stephen,King,The Stand: Unexpurgated,1990,1152,Novel,Adult,English,Horror,Mixed,Primary,N,https://www.goodreads.com/book/show/149267.The_Stand,http://www.librarything.com/work/1242461/book/11726871,1947,Male,42,White,American,562016,4.34,15849,4.319999999999999
Stephen,King,Needful Things,1991,690,Novel,Adult,English,Horror,Mixed,Primary,N,https://www.goodreads.com/book/show/107291.Needful_Things,http://www.librarything.com/work/4440/book/55622407,1947,Male,43,White,American,190467,3.91,8382,3.71
Stephen,King,Thinner,1984,309,Novel,Adult,English,Horror,Male,Primary,Y,https://www.goodreads.com/book/show/10605.Thinner,http://www.librarything.com/work/35834/book/24493880,1947,Male,36,White,American,160330,3.71,5930,3.4299999999999997
Stephen,King,Skeleton Crew,1985,512,Stories,Adult,English,Horror,Mixed,Primary,N,https://www.goodreads.com/book/show/13440.Skeleton_Crew,http://www.librarything.com/work/24369/book/52334512,1947,Male,37,White,American,102752,3.95,6587,3.7800000000000002
Stephen,King,Gerald's Game,1992,352,Novel,Adult,English,Horror,Female,Primary,N,https://www.goodreads.com/book/show/32692.Gerald_s_Game,http://www.librarything.com/work/13403/book/55611503,1947,Male,44,White,American,123715,3.51,6390,3.29
Stephen,King,Nightmares and Dreamscape,1993,816,Stories,Adult,English,Horror,Mixed,Primary,N,https://www.goodreads.com/book/show/10588.Nightmares_and_Dreamscapes,http://www.librarything.com/work/7034/book/55611432,1947,Male,45,White,American,69124,3.93,6508,3.69
Stephen,King,Insomnia,1994,787,Novel,Adult,English,Horror,Male,Primary,N,https://www.goodreads.com/book/show/10585.Insomnia,http://www.librarything.com/work/5812/book/55330918,1947,Male,46,White,American,127185,3.81,8318,3.67
Stephen,King,Rose Madder,1995,420,Novel,Adult,English,Horror,Female,Primary,N,https://www.goodreads.com/book/show/10619.Rose_Madder,http://www.librarything.com/work/1168877/book/55622447,1947,Male,47,White,American,89371,3.7,6039,3.4899999999999998
Stephen,King,Nightmares in the Sky: Gargoyles and Grotesques,1988,128,Thematic non-fiction,Adult,English,History,Male,Primary,N,https://www.goodreads.com/book/show/116334.Nightmares_in_the_Sky,http://www.librarything.com/work/20287/book/156702915,1947,Male,40,White,American,3013,4.06,463,3.72
Stephen,King,The Green Mile,1996,400,Novel,Adult,English,Horror,Male,Primary,N,https://www.goodreads.com/book/show/11566.The_Green_Mile,http://www.librarything.com/work/29698/book/55622405,1947,Male,48,White,American,229163,4.44,9430,4.24
Stephen,King,The Regulators,1996,480,Novel,Adult,English,Horror,Male,Primary,Y,https://www.goodreads.com/book/show/10596.The_Regulators,http://www.librarything.com/work/7098/book/55622456,1947,Male,48,White,American,67597,3.7,5113,3.38
Stephen,King,Wizard and Glass,1997,787,Novel,Adult,English,Fantasy,Mixed,Primary,N,https://www.goodreads.com/book/show/5096.Wizard_and_Glass,http://www.librarything.com/work/9597161/book/55330906,1947,Male,49,White,American,150460,4.25,10413,4.06
Stephen,King,Bag of Bones,1998,529,Novel,Adult,English,Horror,Male,Primary,N,https://www.goodreads.com/book/show/10589.Bag_of_Bones,http://www.librarything.com/work/1061783/book/55330912,1947,Male,50,White,American,161941,3.89,8744,3.71
Stephen,King,Hearts in Atlantis,1999,528,Stories,Adult,English,Horror,Male,Primary,N,https://www.goodreads.com/book/show/11602.Hearts_in_Atlantis,http://www.librarything.com/work/13428/book/55611454,1947,Male,51,White,American,79983,3.82,6638,3.66
Stephen,King,The Girl Who Loved Tom Gordon,1999,224,Novel,YA,English,Fantasy,Female,Primary,N,https://www.goodreads.com/book/show/11564.The_Girl_Who_Loved_Tom_Gordon,http://www.librarything.com/work/5463/book/11727071,1947,Male,51,White,American,119603,3.58,7209,3.44
Stephen,King,The Waste Lands,1991,512,Novel,Adult,English,Horror,Mixed,Primary,N,https://www.goodreads.com/book/show/34084.The_Waste_Lands,http://www.librarything.com/work/3428/book/55330897,1947,Male,43,White,American,169102,4.24,11105,4.08
Stephen,King,Dolores Claiborne,1992,305,Novel,Adult,English,Mystery,Female,Primary,N,https://www.goodreads.com/book/show/7278752-dolores-claiborne,http://www.librarything.com/work/2480/book/55330923,1947,Male,44,White,American,116812,3.86,6463,3.65
Stephen,King,Black House,2001,625,Novel,Adult,English,Fantasy,Male,Primary,N,https://www.goodreads.com/book/show/10607.Black_House,http://www.librarything.com/work/5698/book/55622441,1947,Male,53,White,American,51424,4.01,5969,3.7800000000000002
Stephen,King,Firestarter,1980,426,Novel,Adult,English,Sci-fi,Mixed,Primary,N,https://www.goodreads.com/book/show/233667.Firestarter,http://www.librarything.com/work/24193/book/13972824,1947,Male,32,White,American,173914,3.88,7338,3.64
Stephen,King,Dreamcatcher,2001,620,Novel,Adult,English,Sci-fi,Male,Primary,N,https://www.goodreads.com/book/show/11570.Dreamcatcher,http://www.librarything.com/work/6999/book/55622419,1947,Male,53,White,American,142380,3.62,7417,3.3299999999999996
Stephen,King,Everything's Eventual,2002,464,Stories,Adult,English,Horror,Mixed,Primary,N,https://www.goodreads.com/book/show/10579.Everything_s_Eventual,http://www.librarything.com/work/4243/book/55622415,1947,Male,54,White,American,83394,3.96,7508,3.7600000000000002
Stephen,King,From a Buick 8,2002,368,Novel,Adult,English,Horror,Male,Primary,N,https://www.goodreads.com/book/show/22076.From_a_Buick_8,http://www.librarything.com/work/24202/book/55611499,1947,Male,54,White,American,56360,3.44,5356,3.3099999999999996
Stephen,King,Wolves of the Calla,2003,714,Novel,Adult,English,Fantasy,Mixed,Primary,N,https://www.goodreads.com/book/show/4978.Wolves_of_the_Calla,http://www.librarything.com/work/6106/book/24493847,1947,Male,55,White,American,142673,4.18,9179,4.02
Stephen,King,Song of Susannah,2004,432,Novel,Adult,English,Fantasy,Mixed,Primary,N,https://www.goodreads.com/book/show/5093.Song_of_Susannah,http://www.librarything.com/work/1052418/book/24493844,1947,Male,56,White,American,120024,3.98,8624,3.8699999999999997
Stephen,King,The Dark Tower,2004,845,Novel,Adult,English,Fantasy,Mixed,Primary,N,https://www.goodreads.com/book/show/5091.The_Dark_Tower,http://www.librarything.com/work/5974/book/121649424,1947,Male,56,White,American,131256,4.28,8619,4.13
Stephen,King,The Colorado Kid,2005,184,Novel,Adult,English,Mystery,Male,Primary,N,https://www.goodreads.com/book/show/10574.The_Colorado_Kid,http://www.librarything.com/work/12053/book/24493881,1947,Male,57,White,American,28866,3.32,2737,3.2
Stephen,King,Cell,2006,351,Novel,Adult,English,Horror,Male,Primary,N,https://www.goodreads.com/book/show/10567.Cell,http://www.librarything.com/work/5079/book/55622400,1947,Male,58,White,American,179427,3.65,9358,3.4499999999999997
Stephen,King,Lisey's Story,2006,528,Novel,Adult,English,Horror,Female,Primary,N,https://www.goodreads.com/book/show/10566.Lisey_s_Story,http://www.librarything.com/work/708944/book/55622424,1947,Male,58,White,American,64142,3.67,6561,3.6
Stephen,King,Blaze,2007,304,Novel,Adult,English,Horror,Male,Primary,Y,https://www.goodreads.com/book/show/349473.Blaze,http://www.librarything.com/work/2962358/book/55622463,1947,Male,59,White,American,37611,3.72,3278,3.4699999999999998
Stephen,King,Duma Key,2008,607,Novel,Adult,English,Horror,Male,Primary,N,https://www.goodreads.com/book/show/472343.Duma_Key,http://www.librarything.com/work/2903022/book/55622453,1947,Male,60,White,American,93861,3.94,6470,3.8899999999999997
Stephen,King,Just After Sunset,2008,367,Stories,Adult,English,Horror,Mixed,Primary,N,https://www.goodreads.com/book/show/2906039-just-after-sunset,http://www.librarything.com/work/5252665/book/55622472,1947,Male,60,White,American,44402,3.87,4019,3.72
Stephen,King,Under the Dome,2009,1074,Novel,Adult,English,Sci-fi,Mixed,Primary,N,https://www.goodreads.com/book/show/6320534-under-the-dome,http://www.librarything.com/work/7765390/book/55330947,1947,Male,61,White,American,240401,3.9,8759,3.8299999999999996
Stephen,King,"Full Dark, No Stars",2010,368,Stories,Adult,English,Horror,Mixed,Primary,N,https://www.goodreads.com/book/show/7912007-full-dark-no-stars,http://www.librarything.com/work/9684067/book/64349898,1947,Male,62,White,American,84744,4.06,4064,3.96
Stephen,King,"""11/22/1963""",2011,849,Novel,Adult,English,Sci-fi,Male,Primary,N,https://www.goodreads.com/book/show/10644930-11-22-63,http://www.librarything.com/work/11022382/book/86292380,1947,Male,63,White,American,381749,4.31,8979,4.21
Stephen,King,The Wind Through the Keyhole,2012,336,Novel,Adult,English,Fantasy,Mixed,Primary,N,https://www.goodreads.com/book/show/12341557-the-wind-through-the-keyhole,http://www.librarything.com/work/11529029/book/86292382,1947,Male,64,White,American,60931,4.15,2604,4.07
Stephen,King,Doctor Sleep,2013,531,Novel,Adult,English,Horror,Male,Primary,N,https://www.goodreads.com/book/show/16130549-doctor-sleep,http://www.librarything.com/work/12550356/book/103590148,1947,Male,65,White,American,158326,4.11,4388,4.06
Stephen,King,The Institute,2019,561,Novel,Adult,English,Sci-fi,Male,Primary,N,https://www.goodreads.com/book/show/43798285-the-institute,http://www.librarything.com/work/22854739/book/174390645,1947,Male,71,White,American,38459,4.25,617,4.21
Stephen,King,Mr. Mercedes,2014,436,Novel,Adult,English,Mystery,Male,Primary,N,https://www.goodreads.com/book/show/18775247-mr-mercedes,http://www.librarything.com/work/14458411/book/111857752,1947,Male,66,White,American,207717,3.96,3753,3.86
Stephen,King,Revival,2014,403,Novel,Adult,English,Horror,Male,Primary,N,https://www.goodreads.com/book/show/20926278-revival,http://www.librarything.com/work/14743632/book/111857759,1947,Male,66,White,American,89581,3.77,2484,3.68
Stephen,King,Finders Keepers,2015,434,Novel,Adult,English,Mystery,Male,Primary,N,https://www.goodreads.com/book/show/23492589-finders-keepers,http://www.librarything.com/work/15179344/book/121419225,1947,Male,67,White,American,96600,4.04,2476,3.9699999999999998
Stephen,King,The Bazaar of Bad Dreams,2015,495,Stories,Adult,English,Horror,Mixed,Primary,N,https://www.goodreads.com/book/show/23512999-the-bazaar-of-bad-dreams,http://www.librarything.com/work/15470916/book/122985958,1947,Male,67,White,American,41175,3.92,1665,3.88
Stephen,King,Charlie the Choo-Choo,2016,24,Picture book,Kidlit,English,Fantasy,Male,Primary,Y,https://www.goodreads.com/book/show/32198259-charlie-the-choo-choo,http://www.librarything.com/work/18449249/book/140343364,1947,Male,68,White,American,1666,4.11,108,3.8699999999999997
Stephen,King,End of Watch,2016,496,Novel,Adult,English,Mystery,Male,Primary,N,https://www.goodreads.com/book/show/25526965-end-of-watch,http://www.librarything.com/work/16555010/book/127996448,1947,Male,68,White,American,75248,4.08,1746,3.9299999999999997
Stephen,King,Gwendy's Button Box,2017,175,Novel,Adult,English,Horror,Female,Primary,N,https://www.goodreads.com/book/show/34430839-gwendy-s-button-box,http://www.librarything.com/work/19230010/book/156702926,1947,Male,69,White,American,36241,3.9,733,3.8899999999999997
Stephen,King,The Long Walk,1979,384,Novel,Adult,English,Sci-fi,Male,Primary,Y,https://www.goodreads.com/book/show/9014.The_Long_Walk,http://www.librarything.com/work/3226/book/11727046,1947,Male,31,White,American,104851,4.11,3861,3.98
Stephen,King,Sleeping Beauties,2017,702,Novel,Adult,English,Horror,Mixed,Primary,N,https://www.goodreads.com/book/show/34466922-sleeping-beauties,http://www.librarything.com/work/19246213/book/143319948,1947,Male,69,White,American,51676,3.73,1407,3.59
Stephen,King,Cujo,1981,319,Novel,Adult,English,Horror,Mixed,Primary,N,https://www.goodreads.com/book/show/10603.Cujo,http://www.librarything.com/work/3185/book/21827995,1947,Male,33,White,American,205639,3.71,7519,3.44
Stephen,King,Elevation,2018,144,Novel,Adult,English,Fantasy,Male,Primary,N,https://www.goodreads.com/book/show/38355410-elevation,http://www.librarything.com/work/21075641/book/162443465,1947,Male,70,White,American,56437,3.68,896,3.73
Stephen,King,Desperation,1996,704,Novel,Adult,English,Horror,Male,Primary,N,https://www.goodreads.com/book/show/10584.Desperation,http://www.librarything.com/work/5739/book/55330954,1947,Male,48,White,American,113797,3.82,7561,3.59
Stephen,King,The Outsider,2018,576,Novel,Adult,English,Horror,Male,Primary,N,https://www.goodreads.com/book/show/36124936-the-outsider,http://www.librarything.com/work/20532075/book/156702943,1947,Male,70,White,American,122116,4.01,1529,3.9499999999999997
Stephen,King,Night Shift,1978,336,Stories,Adult,English,Horror,Mixed,Primary,N,https://www.goodreads.com/book/show/10628.Night_Shift,http://www.librarything.com/work/32399/book/11726919,1947,Male,30,White,American,136101,3.99,6920,3.8099999999999996
Stephen,King,Salem's Lot,1975,439,Novel,Adult,English,Horror,Male,Primary,N,https://www.goodreads.com/book/show/11590._Salem_s_Lot,http://www.librarything.com/work/9597233/book/11726883,1947,Male,27,White,American,300879,4.02,12042,3.94
Stephen,King,Rage,1977,211,Novel,Adult,English,Literary fiction,Male,Primary,Y,https://www.goodreads.com/book/show/66370.Rage,http://www.librarything.com/work/689616/book/11726904,1947,Male,29,White,American,29878,3.79,883,3.46
Stephen,King,The Shining,1977,447,Novel,Adult,English,Horror,Male,Primary,N,https://www.goodreads.com/book/show/11588.The_Shining,http://www.librarything.com/work/6050/book/11726850,1947,Male,29,White,American,1009962,4.21,17050,4.109999999999999
Stephen,King,The Dead Zone,1979,428,Novel,Adult,English,Horror,Male,Primary,N,https://www.goodreads.com/book/show/11573.The_Dead_Zone,http://www.librarything.com/work/2934/book/12550376,1947,Male,31,White,American,162270,3.92,7754,3.7800000000000002
Stephen,King,On Writing,2000,291,Narrative non-fiction,Adult,English,Biography,Male,Primary,N,https://www.goodreads.com/book/show/10569.On_Writing,http://www.librarything.com/work/4453/book/55622395,1947,Male,52,White,American,198651,4.33,14096,4.21
Stephen,King,Secret Windows: Essays and Fiction on the Craft of Writing,2000,433,Anthology,Adult,English,Biography,Male,Primary,N,https://www.goodreads.com/book/show/11596.Secret_Windows,http://www.librarything.com/work/38428,1947,Male,52,White,American,1433,4.09,398,3.51
Stephen,King,The Stand,1978,823,Novel,Adult,English,Horror,Mixed,Primary,N,NA,http://www.librarything.com/work/7773835/book/64349608,1947,Male,30,White,American,NA,NA,3155,4.28
Stephen,King,Faithful,2005,432,Narrative non-fiction,Adult,English,Journalism,Male,Secondary,N,https://www.goodreads.com/book/show/32694.Faithful,http://www.librarything.com/work/23483/book/103590186,1947,Male,57,White,American,4648,3.83,683,3.56
R.L.,Stine,Say Cheese and Die!,1992,144,Novel,Kidlit,English,Horror,Male,Primary,N,https://www.goodreads.com/book/show/125662.Say_Cheese_and_Die_,http://www.librarything.com/work/365996/book/55425645,1943,Male,48,White,American,19789,3.75,1237,3.27
R.L.,Stine,Monster Blood,1992,144,Novel,Kidlit,English,Horror,Male,Primary,N,https://www.goodreads.com/book/show/176284.Monster_Blood,http://www.librarything.com/work/310085/book/55425618,1943,Male,48,White,American,9098,3.52,1411,3.13
R.L.,Stine,Let's Get Invisible!,1993,160,Novel,Kidlit,English,Horror,Male,Primary,N,https://www.goodreads.com/book/show/125562.Let_s_Get_Invisible_,http://www.librarything.com/work/444306/book/71339866,1943,Male,49,White,American,8812,3.53,980,3.29
R.L.,Stine,Stay Out of the Basement,1992,144,Novel,Kidlit,English,Horror,Mixed,Primary,N,https://www.goodreads.com/book/show/125542.Stay_Out_of_the_Basement,http://www.librarything.com/work/310114/book/55425587,1943,Male,48,White,American,15335,3.67,1340,3.3099999999999996
R.L.,Stine,Piano Lessons Can Be Murder,1993,144,Novel,Kidlit,English,Horror,Male,Primary,N,https://www.goodreads.com/book/show/125560.Piano_Lessons_Can_Be_Murder,http://www.librarything.com/work/444309/book/128639488,1943,Male,49,White,American,6697,3.56,938,3.24
R.L.,Stine,The Werewolf of Fever Swamp,1993,144,Novel,Kidlit,English,Horror,Male,Primary,N,https://www.goodreads.com/book/show/865736.The_Werewolf_of_Fever_Swamp,http://www.librarything.com/work/232863/book/128639490,1943,Male,49,White,American,11910,3.83,997,3.4699999999999998
R.L.,Stine,Welcome to Camp Nightmare,1993,136,Novel,Kidlit,English,Horror,Male,Primary,N,https://www.goodreads.com/book/show/125538.Welcome_to_Camp_Nightmare,http://www.librarything.com/work/310172/book/128639476,1943,Male,49,White,American,12951,3.76,1007,3.3
R.L.,Stine,Night of the Living Dummy,1993,134,Novel,Kidlit,English,Horror,Female,Primary,N,https://www.goodreads.com/book/show/125564.Night_of_the_Living_Dummy,http://www.librarything.com/work/476101/book/128639471,1943,Male,49,White,American,21776,3.83,1277,3.42
R.L.,Stine,Deep Trouble,1994,144,Novel,Kidlit,English,Horror,Male,Primary,N,https://www.goodreads.com/book/show/125539.Deep_Trouble,http://www.librarything.com/work/444299/book/55425964,1943,Male,50,White,American,6875,3.53,950,3.3
R.L.,Stine,Welcome to Dead House,1992,126,Novel,Kidlit,English,Horror,Mixed,Primary,N,https://www.goodreads.com/book/show/125553.Welcome_to_Dead_House,http://www.librarything.com/work/195952/book/55398380,1943,Male,48,White,American,25281,3.84,1522,3.44
R.L.,Stine,Be Careful What You Wish Forâ€¦,1993,144,Novel,Kidlit,English,Horror,Female,Primary,N,https://www.goodreads.com/book/show/125545.Be_Careful_What_You_Wish_For_,http://www.librarything.com/work/544855/book/128639487,1943,Male,49,White,American,9406,3.66,854,3.11
R.L.,Stine,Attack of the Mutant,1994,144,Novel,Kidlit,English,Horror,Male,Primary,N,https://www.goodreads.com/book/show/125594.Attack_of_the_Mutant,http://www.librarything.com/work/544652/book/55426046,1943,Male,50,White,American,3783,3.52,800,3.4
R.L.,Stine,My Hairiest Adventure,1994,144,Novel,Kidlit,English,Horror,Male,Primary,N,https://www.goodreads.com/book/show/125548.My_Hairiest_Adventure,http://www.librarything.com/work/476055/book/71339928,1943,Male,50,White,American,3469,3.36,644,3.32
R.L.,Stine,One Day at Horror Land,1994,123,Novel,Kidlit,English,Horror,Mixed,Primary,N,https://www.goodreads.com/book/show/125540.One_Day_at_Horrorland,http://www.librarything.com/work/338336/book/55425882,1943,Male,50,White,American,14726,3.89,1093,3.57
R.L.,Stine,The Curse of the Mummy's Tomb,1993,144,Novel,Kidlit,English,Horror,Male,Primary,N,https://www.goodreads.com/book/show/125601.The_Curse_of_the_Mummy_s_Tomb,http://www.librarything.com/work/232854/book/55425675,1943,Male,49,White,American,11892,3.67,1114,3.4499999999999997
R.L.,Stine,Monster Blood II,1994,121,Novel,Kidlit,English,Horror,Male,Primary,N,https://www.goodreads.com/book/show/210252.Monster_Blood_II,http://www.librarything.com/work/476026/book/55425935,1943,Male,50,White,American,6486,3.51,784,3.19
R.L.,Stine,The Girl Who Cried Monster,1993,144,Novel,Kidlit,English,Horror,Female,Primary,N,https://www.goodreads.com/book/show/125581.The_Girl_Who_Cried_Monster,http://www.librarything.com/work/155103/book/128639475,1943,Male,49,White,American,6283,3.49,878,3.19
R.L.,Stine,The Haunted Mask,1993,144,Novel,Kidlit,English,Horror,Female,Primary,N,https://www.goodreads.com/book/show/308540.The_Haunted_Mask,http://www.librarything.com/work/347153/book/128639482,1943,Male,49,White,American,17550,3.81,1091,3.25
R.L.,Stine,Attack of the Jack-O'-Lanterns,1996,128,Novel,Kidlit,English,Horror,Female,Primary,N,https://www.goodreads.com/book/show/1801072.Attack_of_the_Jack_O_Lanterns,http://www.librarything.com/work/475135/book/131483999,1943,Male,52,White,American,2958,3.66,599,3.36
R.L.,Stine,Bad Hare Day,1996,144,Novel,Kidlit,English,Horror,Male,Primary,N,https://www.goodreads.com/book/show/125590.Bad_Hare_Day,http://www.librarything.com/work/347104/book/71340167,1943,Male,52,White,American,3518,3.37,619,3.29
R.L.,Stine,Calling All Creeps!,1996,144,Novel,Kidlit,English,Horror,Male,Primary,N,https://www.goodreads.com/book/show/865732.Calling_All_Creeps_,http://www.librarything.com/work/438989/book/131484006,1943,Male,52,White,American,3016,3.56,443,3.44
R.L.,Stine,Egg Monsters from Mars,1996,115,Novel,Kidlit,English,Horror,Male,Primary,N,https://www.goodreads.com/book/show/125580.Egg_Monsters_from_Mars,http://www.librarything.com/work/475486/book/131483967,1943,Male,52,White,American,3534,3.45,633,3.3699999999999997
R.L.,Stine,Ghost Beach,1994,144,Novel,Kidlit,English,Horror,Mixed,Primary,N,https://www.goodreads.com/book/show/125543.Ghost_Beach,http://www.librarything.com/work/444301/book/55426011,1943,Male,50,White,American,7296,3.72,935,3.59
R.L.,Stine,Go Eat Worms!,1994,119,Novel,Kidlit,English,Horror,Male,Primary,N,https://www.goodreads.com/book/show/161553.Go_Eat_Worms_,http://www.librarything.com/work/155056/book/55425996,1943,Male,50,White,American,5103,3.35,720,3.06
R.L.,Stine,How to Kill a Monster,1996,144,Novel,Kidlit,English,Horror,Mixed,Primary,N,https://www.goodreads.com/book/show/125555.How_to_Kill_a_Monster,http://www.librarything.com/work/251445/book/131483992,1943,Male,52,White,American,4228,3.57,623,3.22
R.L.,Stine,Legend of the Lost Legend,1996,122,Novel,Kidlit,English,Horror,Mixed,Primary,N,https://www.goodreads.com/book/show/460496.Legend_of_the_Lost_Legend,http://www.librarything.com/work/347116/book/131483996,1943,Male,52,White,American,1959,3.49,459,3.19
R.L.,Stine,Night of the Living Dummy III,1996,144,Novel,Kidlit,English,Horror,Mixed,Primary,N,https://www.goodreads.com/book/show/125550.Night_of_the_Living_Dummy_III,http://www.librarything.com/work/476102/book/71340142,1943,Male,52,White,American,4798,3.76,630,3.3899999999999997
R.L.,Stine,Say Cheese and Die--Again!,1996,144,Novel,Kidlit,English,Horror,Mixed,Primary,N,https://www.goodreads.com/book/show/125689.Say_Cheese_and_Die_Again_,http://www.librarything.com/work/4123367/book/131483983,1943,Male,52,White,American,5169,3.59,650,3.36
R.L.,Stine,The Ghost Next Door,1993,124,Novel,Kidlit,English,Horror,Female,Primary,N,https://www.goodreads.com/book/show/125549.The_Ghost_Next_Door,http://www.librarything.com/work/347150/book/128639479,1943,Male,49,White,American,8337,3.74,978,3.3899999999999997
R.L.,Stine,Vampire Breath,1996,114,Novel,Kidlit,English,Horror,Mixed,Primary,N,https://www.goodreads.com/book/show/783218.Vampire_Breath,http://www.librarything.com/work/347162/book/131484004,1943,Male,52,White,American,4389,3.64,622,3.15
R.L.,Stine,"Beware, the Snowman",1997,113,Novel,Kidlit,English,Horror,Female,Primary,N,https://www.goodreads.com/book/show/125534.Beware_the_Snowman,http://www.librarything.com/work/475185/book/71340405,1943,Male,53,White,American,3677,3.55,615,3.4099999999999997
R.L.,Stine,Chicken Chicken,1997,112,Novel,Kidlit,English,Horror,Mixed,Primary,N,https://www.goodreads.com/book/show/125546.Chicken_Chicken,http://www.librarything.com/work/444298/book/71340450,1943,Male,53,White,American,2517,3.38,402,3.17
R.L.,Stine,Deep Trouble II,1997,113,Novel,Kidlit,English,Horror,Mixed,Primary,N,https://www.goodreads.com/book/show/125661.Deep_Trouble_II,http://www.librarything.com/work/444300/book/71340580,1943,Male,53,White,American,1965,3.52,317,3.18
R.L.,Stine,Don't Go to Sleep!,1997,144,Novel,Kidlit,English,Horror,Male,Primary,N,https://www.goodreads.com/book/show/125535.Don_t_Go_To_Sleep_,http://www.librarything.com/work/475452/book/71340472,1943,Male,53,White,American,3201,3.6,416,3.52
R.L.,Stine,How I Learned to Fly,1997,144,Novel,Kidlit,English,Horror,Male,Primary,N,https://www.goodreads.com/book/show/125570.How_I_Learned_To_Fly,http://www.librarything.com/work/535691/book/71340431,1943,Male,53,White,American,3182,3.6,530,3.3499999999999996
R.L.,Stine,Ghost Camp,1996,118,Novel,Kidlit,English,Horror,Male,Primary,N,https://www.goodreads.com/book/show/411446.Ghost_Camp,http://www.librarything.com/work/475614/book/131483990,1943,Male,52,White,American,5935,3.69,661,3.46
R.L.,Stine,How I Got My Shrunken Head,1996,119,Novel,Kidlit,English,Horror,Male,Primary,N,https://www.goodreads.com/book/show/125578.How_I_Got_My_Shrunken_Head,http://www.librarything.com/work/325571/book/71340110,1943,Male,52,White,American,5793,3.52,783,3.48
R.L.,Stine,Monster Blood IV,1997,118,Novel,Kidlit,English,Horror,Mixed,Primary,N,https://www.goodreads.com/book/show/125593.Monster_Blood_IV,http://www.librarything.com/work/545010/book/71340689,1943,Male,53,White,American,1861,3.64,175,3.05
R.L.,Stine,My Best Friend is Invisible,1997,114,Novel,Kidlit,English,Horror,Male,Primary,N,https://www.goodreads.com/book/show/427941.My_Best_Friend_Is_Invisible,http://www.librarything.com/work/5474490/book/71340542,1943,Male,53,White,American,2564,3.58,324,3.21
R.L.,Stine,The Blob that Ate Everyone,1997,114,Novel,Kidlit,English,Horror,Male,Primary,N,https://www.goodreads.com/book/show/125537.The_Blob_That_Ate_Everyone,http://www.librarything.com/work/444318/book/71340497,1943,Male,53,White,American,4037,3.51,599,3.53
R.L.,Stine,The Curse of Camp Cold Lake,1997,144,Novel,Kidlit,English,Horror,Female,Primary,N,https://www.goodreads.com/book/show/125541.The_Curse_of_Camp_Cold_Lake,http://www.librarything.com/work/310050/book/71340515,1943,Male,53,White,American,4953,3.76,629,3.77
R.L.,Stine,The Beast from the East,1996,118,Novel,Kidlit,English,Horror,Mixed,Primary,N,https://www.goodreads.com/book/show/125651.The_Beast_from_the_East,http://www.librarything.com/work/804159/book/131483976,1943,Male,52,White,American,4220,3.67,742,3
R.L.,Stine,Return of the Mummy,1994,118,Novel,Kidlit,English,Horror,Male,Primary,N,https://www.goodreads.com/book/show/460505.Return_of_the_Mummy,http://www.librarything.com/work/347139/book/55426021,1943,Male,50,White,American,4752,3.53,862,3.25
R.L.,Stine,The Scarecrow Walks at Midnight,1994,144,Novel,Kidlit,English,Horror,Mixed,Primary,N,https://www.goodreads.com/book/show/125544.The_Scarecrow_Walks_at_Midnight,http://www.librarything.com/work/232859/book/55425984,1943,Male,50,White,American,8548,3.69,1021,3.2800000000000002
R.L.,Stine,Why I'm Afraid of Bees,1994,144,Novel,Kidlit,English,Horror,Male,Primary,N,https://www.goodreads.com/book/show/125583.Why_I_m_Afraid_of_Bees,http://www.librarything.com/work/444323/book/55425911,1943,Male,50,White,American,5103,3.33,900,3.1
R.L.,Stine,You Can't Scare Me!,1994,120,Novel,Kidlit,English,Horror,Male,Primary,N,https://www.goodreads.com/book/show/125641.You_Can_t_Scare_Me_,http://www.librarything.com/work/22793/book/55425864,1943,Male,50,White,American,4423,3.39,818,3.01
R.L.,Stine,A Night in Terror Tower,1995,144,Novel,Kidlit,English,Horror,Mixed,Primary,N,https://www.goodreads.com/book/show/690644.A_Night_in_Terror_Tower,http://www.librarything.com/work/155028/book/71339959,1943,Male,51,White,American,7013,3.7,815,3.52
R.L.,Stine,A Shocker on Shock Street,1995,117,Novel,Kidlit,English,Horror,Mixed,Primary,N,https://www.goodreads.com/book/show/125615.A_Shocker_on_Shock_Street,http://www.librarything.com/work/155029/book/128639714,1943,Male,51,White,American,3607,3.6,723,3.4099999999999997
R.L.,Stine,I Live in Your Basement!,1997,128,Novel,Kidlit,English,Horror,Male,Primary,N,https://www.goodreads.com/book/show/125607.I_Live_in_Your_Basement_,http://www.librarything.com/work/444304/book/71340672,1943,Male,53,White,American,1682,3.55,155,2.92
R.L.,Stine,It Came from Ohio!: My Life as a Writer,1997,160,Narrative non-fiction,Kidlit,English,Biography,Male,Primary,N,https://www.goodreads.com/book/show/125586.It_Came_From_Ohio,http://www.librarything.com/work/1617312/book/131484364,1943,Male,53,White,American,437,4.05,114,3.3099999999999996
R.L.,Stine,Night of the Living Dummy II,1995,144,Novel,Kidlit,English,Horror,Female,Primary,N,https://www.goodreads.com/book/show/266682.Night_of_the_Living_Dummy_II,http://www.librarything.com/work/22782/book/128639705,1943,Male,51,White,American,6325,3.7,814,3.3099999999999996
R.L.,Stine,Revenge of the Lawn Gnomes,1995,144,Novel,Kidlit,English,Horror,Male,Primary,N,https://www.goodreads.com/book/show/125619.Revenge_of_the_Lawn_Gnomes,http://www.librarything.com/work/444303/book/128639711,1943,Male,51,White,American,4729,3.5,744,3.23
R.L.,Stine,The Abominable Snowman of Pasadena,1995,127,Novel,Kidlit,English,Horror,Mixed,Primary,N,https://www.goodreads.com/book/show/320100.The_Abominable_Snowman_of_Pasadena,http://www.librarything.com/work/476566/book/128639765,1943,Male,51,White,American,3745,3.45,768,3.3099999999999996
R.L.,Stine,The Barking Ghost,1995,131,Novel,Kidlit,English,Horror,Male,Primary,N,https://www.goodreads.com/book/show/125630.The_Barking_Ghost,http://www.librarything.com/work/347149/book/128639707,1943,Male,51,White,American,4966,3.54,640,3.21
R.L.,Stine,The Cuckoo Clock of Doom,1995,144,Novel,Kidlit,English,Horror,Male,Primary,N,https://www.goodreads.com/book/show/125589.The_Cuckoo_Clock_of_Doom,http://www.librarything.com/work/184534/book/71339983,1943,Male,51,White,American,6602,3.62,746,3.3699999999999997
R.L.,Stine,The Haunted Mask II,1995,144,Novel,Kidlit,English,Horror,Male,Primary,N,https://www.goodreads.com/book/show/125557.The_Haunted_Mask_II,http://www.librarything.com/work/476703/book/128639718,1943,Male,51,White,American,4399,3.6,565,3.23
R.L.,Stine,The Headless Ghost,1995,113,Novel,Kidlit,English,Horror,Mixed,Primary,N,https://www.goodreads.com/book/show/125623.The_Headless_Ghost,http://www.librarything.com/work/476704/book/128639764,1943,Male,51,White,American,5025,3.7,708,3.3299999999999996
R.L.,Stine,The Horror at Camp Jellyjam,1995,128,Novel,Kidlit,English,Horror,Mixed,Primary,N,https://www.goodreads.com/book/show/125591.The_Horror_at_Camp_Jellyjam,http://www.librarything.com/work/251447/book/128639709,1943,Male,51,White,American,5937,3.54,688,3.2600000000000002
R.L.,Stine,It Came from Beneath the Sink!,1995,112,Novel,Kidlit,English,Horror,Mixed,Primary,N,https://www.goodreads.com/book/show/125536.It_Came_from_Beneath_the_Sink_,http://www.librarything.com/work/365939/book/128639698,1943,Male,51,White,American,6592,3.54,926,3.27
R.L.,Stine,Monster Blood III,1995,144,Novel,Kidlit,English,Horror,Male,Primary,N,https://www.goodreads.com/book/show/125617.Monster_Blood_III,http://www.librarything.com/work/476027/book/128639634,1943,Male,51,White,American,3523,3.51,704,3.19
R.L.,Stine,The Haunted School,1997,120,Novel,Kidlit,English,Horror,Male,Primary,N,https://www.goodreads.com/book/show/125533.The_Haunted_School,http://www.librarything.com/work/444302/book/71340620,1943,Male,53,White,American,4878,3.83,601,3.73
R.L.,Stine,Werewolf Skin,1997,125,Novel,Kidlit,English,Horror,Mixed,Primary,N,https://www.goodreads.com/book/show/125565.Werewolf_Skin,http://www.librarything.com/work/195953/book/71340642,1943,Male,53,White,American,2423,3.7,209,3.4099999999999997
R.L.,Stine,Phantom of the Auditorium,1994,126,Novel,Kidlit,English,Horror,Mixed,Primary,N,https://www.goodreads.com/book/show/125547.Phantom_of_the_Auditorium,http://www.librarything.com/work/444308/book/55426033,1943,Male,50,White,American,6268,3.63,762,3.3499999999999996
James,"Tiptree, Jr.",Brightness Falls from the Air,1985,382,Novel,Adult,English,Sci-fi,Mixed,Primary,Y,https://www.goodreads.com/book/show/25064.Brightness_Falls_from_the_Air,https://www.librarything.com/work/48195/book/140870926,1915,Female,69,White,American,725,3.76,555,3.57
James,"Tiptree, Jr.",Byte Beautiful,1985,177,Stories,Adult,English,Sci-fi,Mixed,Primary,Y,https://www.goodreads.com/book/show/216337.Byte_Beautiful,https://www.librarything.com/work/904650/book/143903532,1915,Female,69,White,American,47,3.94,41,4
James,"Tiptree, Jr.",The Starry Rift,1986,250,Stories,Adult,English,Sci-fi,Mixed,Primary,Y,https://www.goodreads.com/book/show/27066.The_Starry_Rift,https://www.librarything.com/work/329899/book/140870939,1915,Female,70,White,American,279,3.81,328,3.8
James,"Tiptree, Jr.",Tales of the Quintana Roo,1986,111,Stories,Adult,English,Sci-fi,Mixed,Primary,Y,https://www.goodreads.com/book/show/629950.Tales_of_the_Quintana_Roo,https://www.librarything.com/work/394797/book/140871022,1915,Female,70,White,American,96,3.78,74,4
James,"Tiptree, Jr.",Crown of Stars,1988,352,Stories,Adult,English,Sci-fi,Mixed,Primary,Y,https://www.goodreads.com/book/show/216318.Crown_of_Stars,https://www.librarything.com/work/178479/book/140870949,1915,Female,72,White,American,170,4.01,200,4.13
James,"Tiptree, Jr.",Ten Thousand Light-Years from Home,1973,319,Stories,Adult,English,Sci-fi,Mixed,Primary,Y,https://www.goodreads.com/book/show/27061.Ten_Thousand_Light_Years_from_Home,https://www.librarything.com/work/178771/book/140870937,1915,Female,57,White,American,534,4,438,4.08
James,"Tiptree, Jr.",Warm Worlds and Otherwise,1975,222,Stories,Adult,English,Sci-fi,Mixed,Primary,Y,https://www.goodreads.com/book/show/216317.Warm_Worlds_and_Otherwise,https://www.librarything.com/work/138533/book/140870942,1915,Female,59,White,American,381,4.13,321,4.18
James,"Tiptree, Jr.",Up the Walls of the World,1978,320,Novel,Adult,English,Sci-fi,Mixed,Primary,Y,https://www.goodreads.com/book/show/91056.Up_the_Walls_of_the_World,https://www.librarything.com/work/187635/book/140870930,1915,Female,62,White,American,647,3.97,481,3.74
James,"Tiptree, Jr.",Star Songs of an Old Primate,1978,270,Stories,Adult,English,Sci-fi,Mixed,Primary,Y,https://www.goodreads.com/book/show/216319.Star_Songs_of_An_Old_Primate,https://www.librarything.com/work/200279/book/140870945,1915,Female,62,White,American,238,4.16,228,4.2700000000000005
James,"Tiptree, Jr.",Out of the Everywhere and Other Extraordinary Visions,1981,278,Stories,Adult,English,Sci-fi,Mixed,Primary,Y,https://www.goodreads.com/book/show/27065.Out_of_the_Everywhere_and_Other_Extraordinary_Visions,https://www.librarything.com/work/280130/book/140870950,1915,Female,65,White,American,133,4.17,154,4.45
James,"Tiptree, Jr.",Her Smoke Rose Up Forever,1990,508,Anthology,Adult,English,Sci-fi,Mixed,Primary,Y,https://www.goodreads.com/book/show/27059.Her_Smoke_Rose_Up_Forever,https://www.librarything.com/work/160820/book/140870913,1915,Female,74,White,American,3440,4.21,887,4.24
James,"Tiptree, Jr.",Neat Sheets,1996,26,Poems,Adult,English,Experimental,Female,Primary,Y,https://www.goodreads.com/book/show/216303.Neat_Sheets,https://www.librarything.com/work/356694/book/140871059,1915,Female,80,White,American,8,3.88,23,3.67
James,"Tiptree, Jr.",Meet Me at Infinity,2000,396,Anthology,Adult,English,Sci-fi,Mixed,Primary,Y,https://www.goodreads.com/book/show/27063.Meet_Me_At_Infinity,https://www.librarything.com/work/271194/book/140870952,1915,Female,84,White,American,79,3.92,144,4.08
