authorLast,authorFirst,bookTitle,pubYear,pageCount,awardYear,awardName,awardAgency,awardType,bookType,bookAudience,language,primaryGenre,charGender,authorCount,linkGR,linkLT,authorDOB,authorGender,authorAge,authorRace,authorNationality,countGR,countLT,ratingLT,ratingGR
Agee,James,A Death in the Family,1957,320,1958,Pulitzer Prize (Fiction),Pulitzer Prize,Juried,Novel,Adult,English,Literary fiction,Male,Primary,https://www.goodreads.com/book/show/113091.A_Death_in_the_Family,http://www.librarything.com/work/61274/book/87208331,1909,Male,47,White,American,13441,2455,3.9099999999999997,3.91
Anders,Charlie Jane,All the Birds in the Sky,2016,320,2017,Nebula Award,SFF Writers of America,Popular,Novel,Adult,English,Sci-fi,Mixed,Primary,https://www.goodreads.com/book/show/25372801-all-the-birds-in-the-sky,http://www.librarything.com/work/16083994/book/126388330,1972,Female,43,White,American,33232,1658,3.61,3.58
Arnason,Eleanor,A Woman of the Iron People,1991,525,1991,Otherwise Award,Award: Otherwise,Juried,Novel,Adult,English,Sci-fi,Female,Primary,https://www.goodreads.com/book/show/396647.A_Woman_of_the_Iron_People,http://www.librarything.com/work/722198/book/141762808,1942,Female,48,White,American,468,199,3.96,3.82
Asaro,Catherine,The Quantum Rose,2001,400,2002,Nebula Award,SFF Writers of America,Popular,Novel,Adult,English,Sci-fi,Female,Primary,https://www.goodreads.com/book/show/598099.The_Quantum_Rose,http://www.librarything.com/work/24984/book/155884082,1955,Female,45,White,American,1880,462,3.4,3.57
Asimov,Isaac,The Gods Themselves,1972,304,1973,Hugo Award,World SF Society,Popular,Novel,Adult,English,Sci-fi,Mixed,Primary,https://www.goodreads.com/book/show/41821.The_Gods_Themselves,http://www.librarything.com/work/3410,1920,Male,51,White,Russian,48854,4487,3.8499999999999996,4.09
Asimov,Isaac,The Gods Themselves,1972,304,1973,Nebula Award,SFF Writers of America,Popular,Novel,Adult,English,Sci-fi,Mixed,Primary,https://www.goodreads.com/book/show/41821.The_Gods_Themselves,http://www.librarything.com/work/3410,1920,Male,51,White,Russian,48854,4487,3.8499999999999996,4.09
Asimov,Isaac,Foundation's Edge,1982,480,1983,Hugo Award,World SF Society,Popular,Novel,Adult,English,Sci-fi,Male,Primary,https://www.goodreads.com/book/show/76683.Foundation_s_Edge,http://www.librarything.com/work/17640,1920,Male,61,White,Russian,63287,7748,3.79,4.12
Bacigalupi,Paolo,The Windup Girl,2009,480,2010,Hugo Award,World SF Society,Popular,Novel,Adult,English,Sci-fi,Mixed,Primary,https://www.goodreads.com/book/show/6597651-the-windup-girl,http://www.librarything.com/work/8585029,1972,Male,36,White,American,60285,4779,3.7600000000000002,3.75
Bacigalupi,Paolo,The Windup Girl,2009,480,2010,Nebula Award,SFF Writers of America,Popular,Novel,Adult,English,Sci-fi,Mixed,Primary,https://www.goodreads.com/book/show/6597651-the-windup-girl,http://www.librarything.com/work/8585029,1972,Male,36,White,American,60285,4779,3.7600000000000002,3.75
Barnes,Margaret Ayer,Years of Grace,1930,581,1931,Pulitzer Prize (Fiction),Pulitzer Prize,Juried,Novel,Adult,English,Literary fiction,Female,Primary,https://www.goodreads.com/book/show/1457221.Years_of_Grace,http://www.librarything.com/work/533182/book/175319895,1886,Female,43,White,American,892,125,3.79,3.7
Bear,Greg,Darwin's Radio,1999,544,2001,Nebula Award,SFF Writers of America,Popular,Novel,Adult,English,Sci-fi,Male,Primary,https://www.goodreads.com/book/show/64923.Darwin_s_Radio,http://www.librarything.com/work/12974/book/140983591,1951,Male,47,White,American,12673,3066,3.52,3.7
Bellow,Saul,Humboldt's Gift,1975,487,1976,Pulitzer Prize (Fiction),Pulitzer Prize,Juried,Novel,Adult,English,Literary fiction,Male,Primary,https://www.goodreads.com/book/show/11494.Humboldt_s_Gift,http://www.librarything.com/work/10094/book/175320049,1915,Male,59,White,Canadian,7831,2420,3.82,3.86
Benford,Gregory,Timescape,1980,499,1981,Nebula Award,SFF Writers of America,Popular,Novel,Adult,English,Sci-fi,Male,Primary,https://www.goodreads.com/book/show/778990.Timescape,http://www.librarything.com/work/21386/book/142399933,1941,Male,38,White,American,9982,1745,3.56,3.74
Bergin,Virginia,Who Runs the World?,2017,352,2017,Otherwise Award,Award: Otherwise,Juried,Novel,YA,English,Sci-fi,Female,Primary,https://www.goodreads.com/en/book/show/33891082,http://www.librarything.com/work/19904919/book/156677421,1966,Female,50,White,English,1128,65,3.25,2.95
Bester,Alfred,The Demolished Man,1953,183,1953,Hugo Award,World SF Society,Popular,Novel,Adult,English,Sci-fi,Male,Primary,https://www.goodreads.com/book/show/76740.The_Demolished_Man,http://www.librarything.com/work/4079879,1913,Male,39,White,American,26278,3806,3.94,3.99
Bishop,Michael,No Enemy But Time,1982,397,1983,Nebula Award,SFF Writers of America,Popular,Novel,Adult,English,Sci-fi,Male,Primary,https://www.goodreads.com/book/show/637400.No_Enemy_But_Time,http://www.librarything.com/work/90728/book/157165011,1945,Male,36,White,American,1259,489,3.4699999999999998,3.49
Blish,James,A Case of Conscience,1958,184,1959,Hugo Award,World SF Society,Popular,Novel,Adult,English,Sci-fi,Male,Primary,https://www.goodreads.com/book/show/123673.A_Case_of_Conscience,http://www.librarything.com/work/20493,1921,Male,36,White,American,5154,1443,3.32,3.65
Brin,David,The Uplift War,1987,672,1988,Hugo Award,World SF Society,Popular,Novel,Adult,English,Sci-fi,Mixed,Primary,https://www.goodreads.com/book/show/234489.The_Uplift_War,http://www.librarything.com/work/19167,1950,Male,36,White,American,23257,2742,3.9499999999999997,4.07
Brin,David,Startide Rising,1983,480,1984,Hugo Award,World SF Society,Popular,Novel,Adult,English,Sci-fi,Mixed,Primary,https://www.goodreads.com/book/show/234501.Startide_Rising,http://www.librarything.com/work/18983,1950,Male,32,White,American,27923,3517,4,4.04
Brin,David,Startide Rising,1983,480,1984,Nebula Award,SFF Writers of America,Popular,Novel,Adult,English,Sci-fi,Mixed,Primary,https://www.goodreads.com/book/show/234501.Startide_Rising,http://www.librarything.com/work/18983,1950,Male,32,White,American,27923,3517,4,4.04
Bromfield,Louis,Early Autumn: A Story of a Lady,1926,303,1927,Pulitzer Prize (Fiction),Pulitzer Prize,Juried,Novel,Adult,English,Literary fiction,Female,Primary,https://www.goodreads.com/book/show/221327.Early_Autumn,http://www.librarything.com/work/985399/book/175319883,1896,Male,29,White,American,1055,180,3.46,3.61
Brooks,Geraldine,March,2005,280,2006,Pulitzer Prize (Fiction),Pulitzer Prize,Juried,Novel,Adult,English,Literary fiction,Male,Primary,https://www.goodreads.com/book/show/13529.March,http://www.librarything.com/work/106961/book/157950936,1955,Female,49,White,Australian,51456,5781,3.7600000000000002,3.75
Brunner,John,Stand on Zanzibar,1968,507,1969,Hugo Award,World SF Society,Popular,Novel,Adult,English,Sci-fi,Male,Primary,https://www.goodreads.com/book/show/41069.Stand_on_Zanzibar,http://www.librarything.com/work/21041,1934,Male,33,White,English,13504,2538,3.94,3.96
Buck,Pearl S.,The Good Earth,1931,418,1932,Pulitzer Prize (Fiction),Pulitzer Prize,Juried,Novel,Adult,English,Literary fiction,Male,Primary,https://www.goodreads.com/book/show/1078.The_Good_Earth,http://www.librarything.com/work/5987/book/24406189,1892,Female,38,White,American,213588,11263,4.05,3.98
Bujold,Lois McMaster,Barrayar,1991,336,1992,Hugo Award,World SF Society,Popular,Novel,Adult,English,Sci-fi,Female,Primary,https://www.goodreads.com/book/show/61905.Barrayar,http://www.librarything.com/work/24776,1949,Female,41,White,American,22676,2102,4.1899999999999995,4.31
Bujold,Lois McMaster,Falling Free,1987,320,1989,Nebula Award,SFF Writers of America,Popular,Novel,Adult,English,Sci-fi,Mixed,Primary,https://www.goodreads.com/book/show/61915.Falling_Free,http://www.librarything.com/work/12638/book/121647419,1949,Female,37,White,American,16432,2137,3.67,3.83
Bujold,Lois McMaster,The Vor Game,1990,345,1991,Hugo Award,World SF Society,Popular,Novel,Adult,English,Sci-fi,Male,Primary,https://www.goodreads.com/book/show/68483.The_Vor_Game,http://www.librarything.com/work/12650,1949,Female,40,White,American,19453,2228,4.109999999999999,4.28
Bujold,Lois McMaster,Paladin of Souls,2003,470,2004,Hugo Award,World SF Society,Popular,Novel,Adult,English,Fantasy,Female,Primary,https://www.goodreads.com/book/show/61904.Paladin_of_Souls,http://www.librarything.com/work/7313,1949,Female,53,White,American,20523,3086,4.24,4.15
Bujold,Lois McMaster,Paladin of Souls,2003,470,2005,Nebula Award,SFF Writers of America,Popular,Novel,Adult,English,Fantasy,Female,Primary,https://www.goodreads.com/book/show/61904.Paladin_of_Souls,http://www.librarything.com/work/7313,1949,Female,53,White,American,20523,3086,4.24,4.15
Bujold,Lois McMaster,Mirror Dance,1994,560,1995,Hugo Award,World SF Society,Popular,Novel,Adult,English,Sci-fi,Male,Primary,https://www.goodreads.com/book/show/61909.Mirror_Dance,http://www.librarything.com/work/12645,1949,Female,44,White,American,17714,2268,4.2700000000000005,4.33
Butler,Octavia E.,Parable of the Talents,1998,424,2000,Nebula Award,SFF Writers of America,Popular,Novel,Adult,English,Sci-fi,Female,Primary,https://www.goodreads.com/book/show/60932.Parable_of_the_Talents,http://www.librarything.com/work/1094465/book/104201731,1947,Female,50,Black,American,18632,2037,4.04,4.24
Butler,Robert Olen,A Good Scent from a Strange Mountain,1992,269,1993,Pulitzer Prize (Fiction),Pulitzer Prize,Juried,Stories,Adult,English,Literary fiction,Mixed,Primary,https://www.goodreads.com/book/show/261601.A_Good_Scent_from_a_Strange_Mountain,http://www.librarything.com/work/38269/book/175320132,1945,Male,46,White,American,7680,1157,3.8099999999999996,3.96
Byrne,Monica,The Girl in the Road,2014,336,2014,Otherwise Award,Award: Otherwise,Juried,Novel,Adult,English,Sci-fi,Female,Primary,https://www.goodreads.com/book/show/18297954-the-girl-in-the-road,http://www.librarything.com/work/14406949/book/153524898,1981,Female,32,Middle-Eastern,American,2864,351,3.59,3.49
Card,Orson Scott,Ender's Game,1985,352,1986,Hugo Award,World SF Society,Popular,Novel,YA,English,Sci-fi,Male,Primary,https://www.goodreads.com/book/show/375802.Ender_s_Game,http://www.librarything.com/work/825739,1951,Male,33,White,American,1034689,33263,4.33,4.3
Card,Orson Scott,Ender's Game,1985,352,1986,Nebula Award,SFF Writers of America,Popular,Novel,YA,English,Sci-fi,Male,Primary,https://www.goodreads.com/book/show/375802.Ender_s_Game,http://www.librarything.com/work/825739,1951,Male,33,White,American,1034689,33263,4.33,4.3
Card,Orson Scott,Speaker for the Dead,1987,382,1987,Hugo Award,World SF Society,Popular,Novel,YA,English,Sci-fi,Mixed,Primary,https://www.goodreads.com/book/show/7967.Speaker_for_the_Dead,http://www.librarything.com/work/825707,1951,Male,35,White,American,209085,13039,3.9699999999999998,4.06
Card,Orson Scott,Speaker for the Dead,1987,382,1987,Nebula Award,SFF Writers of America,Popular,Novel,YA,English,Sci-fi,Mixed,Primary,https://www.goodreads.com/book/show/7967.Speaker_for_the_Dead,http://www.librarything.com/work/825707,1951,Male,35,White,American,209085,13039,3.9699999999999998,4.06
Cather,Willa,One of Ours,1922,343,1923,Pulitzer Prize (Fiction),Pulitzer Prize,Juried,Novel,Adult,English,Literary fiction,Male,Primary,https://www.goodreads.com/book/show/543137.One_of_Ours,http://www.librarything.com/work/30410/book/157046929,1873,Female,48,White,American,6597,911,3.77,3.89
Chabon,Michael,The Amazing Adventures of Kavalier and Clay,2000,639,2001,Pulitzer Prize (Fiction),Pulitzer Prize,Juried,Novel,Adult,English,Literary fiction,Male,Primary,https://www.goodreads.com/book/show/3985.The_Amazing_Adventures_of_Kavalier_Clay,http://www.librarything.com/work/5927/book/24409460,1963,Male,36,White,American,175710,16188,4.23,4.18
Chabon,Michael,The Yiddish Policeman's Union,2007,464,2008,Hugo Award,World SF Society,Popular,Novel,Adult,English,Sci-fi,Male,Primary,https://www.goodreads.com/book/show/16703.The_Yiddish_Policemen_s_Union,http://www.librarything.com/work/83916,1963,Male,43,White,American,59300,8769,3.79,3.7
Chabon,Michael,The Yiddish Policeman's Union,2007,464,2008,Nebula Award,SFF Writers of America,Popular,Novel,Adult,English,Sci-fi,Male,Primary,https://www.goodreads.com/book/show/16703.The_Yiddish_Policemen_s_Union,http://www.librarything.com/work/83916,1963,Male,43,White,American,59300,8769,3.79,3.7
Charnas,Suzy McKee,The Conqueror's Child,1999,432,1999,Otherwise Award,Award: Otherwise,Juried,Novel,Adult,English,Sci-fi,Female,Primary,https://www.goodreads.com/book/show/750232.The_Conqueror_s_Child,http://www.librarything.com/work/409030/book/141762794,1939,Female,59,White,American,110,100,3.79,3.78
Cheever,John,The Stories of John Cheever,1978,693,1979,Pulitzer Prize (Fiction),Pulitzer Prize,Juried,Stories,Adult,English,Literary fiction,Mixed,Primary,https://www.goodreads.com/book/show/11686.The_Stories_of_John_Cheever,http://www.librarything.com/work/64813/book/24917281,1912,Male,65,White,American,13677,2718,4.1899999999999995,4.27
Cherryh,C.J.,Cyteen,1988,696,1989,Hugo Award,World SF Society,Popular,Novel,Adult,English,Sci-fi,Mixed,Primary,https://www.goodreads.com/book/show/834518.Cyteen,http://www.librarything.com/work/35679,1942,Female,45,White,American,9425,1483,4.07,4
Cherryh,C.J.,Downbelow Station,1981,430,1982,Hugo Award,World SF Society,Popular,Novel,Adult,English,Sci-fi,Mixed,Primary,https://www.goodreads.com/book/show/57045.Downbelow_Station,http://www.librarything.com/work/59827,1942,Female,38,White,American,12386,2232,3.77,3.91
Clarke,Arthur C.,The Fountains of Paradise,1980,256,1980,Hugo Award,World SF Society,Popular,Novel,Adult,English,Sci-fi,Male,Primary,https://www.goodreads.com/book/show/149049.The_Fountains_of_Paradise,http://www.librarything.com/work/19069,1917,Male,62,White,English,24594,2681,3.7800000000000002,3.96
Clarke,Arthur C.,The Fountains of Paradise,1980,256,1980,Nebula Award,SFF Writers of America,Popular,Novel,Adult,English,Sci-fi,Male,Primary,https://www.goodreads.com/book/show/149049.The_Fountains_of_Paradise,http://www.librarything.com/work/19069,1917,Male,62,White,English,24594,2681,3.7800000000000002,3.96
Clarke,Arthur C.,Rendezvous with Rama,1973,214,1974,Hugo Award,World SF Society,Popular,Novel,Adult,English,Sci-fi,Mixed,Primary,https://www.goodreads.com/book/show/112537.Rendezvous_with_Rama,http://www.librarything.com/work/7180,1917,Male,55,White,English,122179,7712,3.9499999999999997,4.09
Clarke,Arthur C.,Rendezvous with Rama,1973,214,1974,Nebula Award,SFF Writers of America,Popular,Novel,Adult,English,Sci-fi,Mixed,Primary,https://www.goodreads.com/book/show/112537.Rendezvous_with_Rama,http://www.librarything.com/work/7180,1917,Male,55,White,English,122179,7712,3.9499999999999997,4.09
Clarke,Susanna,Jonathan Strange and Mr Norrell,2004,1024,2005,Hugo Award,World SF Society,Popular,Novel,Adult,English,Fantasy,Male,Primary,https://www.goodreads.com/book/show/14201.Jonathan_Strange_Mr_Norrell,http://www.librarything.com/work/1060/book/24408375,1959,Female,44,White,English,180961,22596,3.9499999999999997,3.82
Clifton,Mark,They'd Rather Be Right,1955,351,1955,Hugo Award,World SF Society,Popular,Novel,Adult,English,Sci-fi,Male,Primary,https://www.goodreads.com/book/show/754001.They_d_Rather_Be_Right,http://www.librarything.com/work/462507/book/155874654,1906,Male,48,White,American,1010,285,2.82,3.09
Cozzens,James Gould,Guard of Honor,1948,640,1949,Pulitzer Prize (Fiction),Pulitzer Prize,Juried,Novel,Adult,English,Literary fiction,Mixed,Primary,https://www.goodreads.com/book/show/38185340-guard-of-honor,http://www.librarything.com/work/134641/book/175319963,1903,Male,44,White,American,1125,271,3.42,3.52
Cunningham,Michael,The Hours,1998,230,1999,Pulitzer Prize (Fiction),Pulitzer Prize,Juried,Novel,Adult,English,Literary fiction,Female,Primary,https://www.goodreads.com/book/show/11899.The_Hours,http://www.librarything.com/work/5163/book/162048911,1952,Male,45,White,American,120381,10915,3.92,3.93
Davis,H.L.,Honey in the Horn,1935,408,1936,Pulitzer Prize (Fiction),Pulitzer Prize,Juried,Novel,Adult,English,Literary fiction,Male,Primary,https://www.goodreads.com/book/show/1052571.Honey_in_the_Horn,http://www.librarything.com/work/525661/book/175319932,1894,Male,40,White,American,1019,172,3.48,3.61
Delany,Samuel R.,Babel-17,1966,189,1967,Nebula Award,SFF Writers of America,Popular,Novel,Adult,English,Sci-fi,Female,Primary,https://www.goodreads.com/book/show/1199688.Babel_17,http://www.librarything.com/work/49765/book/62489643,1942,Male,23,Black,American,11141,1869,3.72,3.76
Diaz,Junot,The Brief Wondrous Life of Oscar Wao,2007,335,2008,Pulitzer Prize (Fiction),Pulitzer Prize,Juried,Novel,Adult,English,Literary fiction,Male,Primary,https://www.goodreads.com/book/show/297673.The_Brief_Wondrous_Life_of_Oscar_Wao,http://www.librarything.com/work/3165787/book/41275392,1968,Male,38,Hispanic,Dominican,216223,10645,3.86,3.9
Dick,Philip K.,The Man in the High Castle,1962,272,1963,Hugo Award,World SF Society,Popular,Novel,Adult,English,Sci-fi,Mixed,Primary,https://www.goodreads.com/book/show/216363.The_Man_in_the_High_Castle,http://www.librarything.com/work/16570/book/55399991,1928,Male,33,White,American,151676,10097,3.71,3.62
Doerr,Anthony,All the Light We Cannot See,2014,531,2015,Pulitzer Prize (Fiction),Pulitzer Prize,Juried,Novel,Adult,English,Literary fiction,Mixed,Primary,https://www.goodreads.com/book/show/18143977-all-the-light-we-cannot-see,http://www.librarything.com/work/14291423/book/122905366,1973,Male,40,White,American,857582,10295,4.29,4.33
Dorsey,Candas Jane,Black Wine,1997,288,1997,Otherwise Award,Award: Otherwise,Juried,Novel,Adult,English,Fantasy,Female,Primary,https://www.goodreads.com/book/show/174764.Black_Wine,http://www.librarything.com/work/27629/book/145953117,1952,Female,44,White,Canadian,316,241,3.69,3.73
Drury,Allen,Advise and Consent,1959,616,1960,Pulitzer Prize (Fiction),Pulitzer Prize,Juried,Novel,Adult,English,Literary fiction,Male,Primary,https://www.goodreads.com/book/show/159346.Advise_and_Consent,http://www.librarything.com/work/70170/book/175319983,1918,Male,40,White,American,9194,798,3.8699999999999997,4.09
Egan,Jennifer,A Visit from the Goon Squad,2011,288,2011,Pulitzer Prize (Fiction),Pulitzer Prize,Juried,Stories,Adult,English,Literary fiction,Mixed,Primary,https://www.goodreads.com/book/show/7331435-a-visit-from-the-goon-squad,http://www.librarything.com/work/9530166/book/175320222,1962,Female,48,White,American,164116,6516,3.68,3.66
Eugenides,Jeffrey,Middlesex,2002,529,2003,Pulitzer Prize (Fiction),Pulitzer Prize,Juried,Novel,Adult,English,Literary fiction,Mixed,Primary,https://www.goodreads.com/book/show/2187.Middlesex,http://www.librarything.com/work/2718/book/55400479,1960,Male,41,White,American,557935,23723,4.109999999999999,4
Farmer,Philip Jose,To Your Scattered Bodies Go,1971,224,1972,Hugo Award,World SF Society,Popular,Novel,Adult,English,Sci-fi,Male,Primary,https://www.goodreads.com/book/show/189147.To_Your_Scattered_Bodies_Go,http://www.librarything.com/work/19187/book/24443681,1918,Male,52,White,American,27068,3073,3.75,3.95
Faulkner,William,The Reivers,1962,305,1963,Pulitzer Prize (Fiction),Pulitzer Prize,Juried,Novel,Adult,English,Experimental,Male,Primary,https://www.goodreads.com/book/show/210825.The_Reivers,http://www.librarything.com/work/47839/book/52841767,1897,Male,64,White,American,6246,1817,3.65,3.79
Faulkner,William,A Fable,1954,384,1955,Pulitzer Prize (Fiction),Pulitzer Prize,Juried,Novel,Adult,English,Experimental,Male,Primary,https://www.goodreads.com/book/show/863348.A_Fable,http://www.librarything.com/work/96960/book/52841730,1897,Male,56,White,American,3820,645,3.08,3.55
Ferber,Edna,So Big,1924,376,1925,Pulitzer Prize (Fiction),Pulitzer Prize,Juried,Novel,Adult,English,Literary fiction,Female,Primary,https://www.goodreads.com/book/show/257443.So_Big,http://www.librarything.com/work/37397/book/175319875,1885,Female,38,White,American,7764,717,3.9299999999999997,4.02
Flavin,Martin,Journey in the Dark,1943,432,1944,Pulitzer Prize (Fiction),Pulitzer Prize,Juried,Novel,Adult,English,Literary fiction,Male,Primary,https://www.goodreads.com/book/show/748029.Journey_in_the_Dark,http://www.librarything.com/work/1254150/book/175319948,1883,Male,59,White,American,759,97,3.77,3.62
Ford,Richard,Independence Day,1995,464,1996,Pulitzer Prize (Fiction),Pulitzer Prize,Juried,Novel,Adult,English,Literary fiction,Male,Primary,https://www.goodreads.com/book/show/12374.Independence_Day,http://www.librarything.com/work/902/book/87208109,1944,Male,50,White,American,14329,2609,3.86,3.86
Gaiman,Neil,American Gods,2001,560,2002,Hugo Award,World SF Society,Popular,Novel,Adult,English,Fantasy,Male,Primary,https://www.goodreads.com/book/show/30165203-american-gods,http://www.librarything.com/work/2280068/book/11724257,1960,Male,40,White,English,689871,28017,4.08,4.11
Gaiman,Neil,American Gods,2001,560,2003,Nebula Award,SFF Writers of America,Popular,Novel,Adult,English,Fantasy,Male,Primary,https://www.goodreads.com/book/show/30165203-american-gods,http://www.librarything.com/work/2280068/book/11724257,1960,Male,40,White,English,689871,28017,4.08,4.11
Gaiman,Neil,The Graveyard Book,2008,320,2009,Hugo Award,World SF Society,Popular,Novel,YA,English,Fantasy,Male,Primary,https://www.goodreads.com/book/show/2213661.The_Graveyard_Book,http://www.librarything.com/work/4479754/book/55400514,1960,Male,47,White,English,403305,16965,4.18,4.13
Gibson,William,Neuromancer,1984,288,1985,Hugo Award,World SF Society,Popular,Novel,Adult,English,Sci-fi,Male,Primary,https://www.goodreads.com/book/show/888628.Neuromancer,http://www.librarything.com/work/609/book/24453426,1948,Male,35,White,Canadian,242330,18404,3.9299999999999997,3.89
Gibson,William,Neuromancer,1984,288,1985,Nebula Award,SFF Writers of America,Popular,Novel,Adult,English,Sci-fi,Male,Primary,https://www.goodreads.com/book/show/888628.Neuromancer,http://www.librarything.com/work/609/book/24453426,1948,Male,35,White,Canadian,242330,18404,3.9299999999999997,3.89
Gilman,Greer,Cloud and Ashes: Three Winter's Tales,2009,448,2009,Otherwise Award,Award: Otherwise,Juried,Stories,Adult,English,Fantasy,Mixed,Primary,https://www.goodreads.com/book/show/5970437-cloud-and-ashes,http://www.librarything.com/work/6989001/book/152931395,1951,Female,57,White,American,115,138,3.57,3.82
Glasgow,Ellen,In This Our Life,1941,350,1942,Pulitzer Prize (Fiction),Pulitzer Prize,Juried,Novel,Adult,English,Literary fiction,Male,Primary,https://www.goodreads.com/book/show/1791813.In_This_Our_Life,http://www.librarything.com/work/1322396/book/175319947,1873,Female,67,White,American,891,139,3.4099999999999997,3.59
Gloss,Molly,Wild Life,2000,272,2000,Otherwise Award,Award: Otherwise,Juried,Novel,Adult,English,Fantasy,Female,Primary,https://www.goodreads.com/book/show/475582.Wild_Life,http://www.librarything.com/work/46587/book/145953571,1944,Female,55,White,American,854,337,3.61,3.67
Goto,Hiromi,The Kappa Child,2001,280,2001,Otherwise Award,Award: Otherwise,Juried,Novel,Adult,English,Fantasy,Female,Primary,https://www.goodreads.com/book/show/168860.The_Kappa_Child,http://www.librarything.com/work/128267/book/145953622,1966,Female,34,Asian,Japanese,285,130,3.8299999999999996,3.81
Grau,Shirley Ann,The Keepers of the House,1964,320,1965,Pulitzer Prize (Fiction),Pulitzer Prize,Juried,Novel,Adult,English,Literary fiction,Female,Primary,https://www.goodreads.com/book/show/266978.The_Keepers_of_the_House,http://www.librarything.com/work/294/book/175320002,1929,Female,34,White,American,7033,544,3.8,3.95
Greer,Andrew Sean,Less,2017,273,2018,Pulitzer Prize (Fiction),Pulitzer Prize,Juried,Novel,Adult,English,Literary fiction,Male,Primary,https://www.goodreads.com/book/show/39927096-less,http://www.librarything.com/work/19029739/book/159552578,1970,Male,46,White,American,87572,1488,3.7,3.72
Griffith,Nicola,Ammonite,1992,414,1993,Otherwise Award,Award: Otherwise,Juried,Novel,Adult,English,Sci-fi,Female,Primary,https://www.goodreads.com/book/show/180270.Ammonite,http://www.librarything.com/work/111665/book/140934190,1960,Female,31,White,English,3841,984,3.88,3.86
Griffith,Nicola,Slow River,1995,352,1997,Nebula Award,SFF Writers of America,Popular,Novel,Adult,English,Sci-fi,Female,Primary,https://www.goodreads.com/book/show/270259.Slow_River,http://www.librarything.com/work/49077/book/140934303,1960,Female,34,White,English,3528,995,3.88,3.85
"Guthrie, Jr.",A.B.,The Way West,1949,352,1950,Pulitzer Prize (Fiction),Pulitzer Prize,Juried,Novel,Adult,English,Western,Male,Primary,https://www.goodreads.com/book/show/202033.The_Way_West,http://www.librarything.com/work/643510/book/175319966,1901,Male,47,White,American,4859,546,3.9899999999999998,3.94
Hairston,Andrea,Redwood and Wildfire,2011,448,2011,Otherwise Award,Award: Otherwise,Juried,Novel,Adult,English,Fantasy,Mixed,Primary,https://www.goodreads.com/book/show/9678305-redwood-and-wildfire,http://www.librarything.com/work/10577684/book/153386336,1952,Female,58,Black,American,156,68,3.77,4.08
Haldeman,Joe,The Forever War,1974,264,1976,Hugo Award,World SF Society,Popular,Novel,Adult,English,Sci-fi,Male,Primary,https://www.goodreads.com/book/show/21611.The_Forever_War,http://www.librarything.com/work/7899/book/121646137,1943,Male,30,White,American,125988,7245,4.02,4.15
Haldeman,Joe,The Forever War,1974,264,1976,Nebula Award,SFF Writers of America,Popular,Novel,Adult,English,Sci-fi,Male,Primary,https://www.goodreads.com/book/show/21611.The_Forever_War,http://www.librarything.com/work/7899/book/121646137,1943,Male,30,White,American,125988,7245,4.02,4.15
Haldeman,Joe,Forever Peace,1997,368,1998,Hugo Award,World SF Society,Popular,Novel,Adult,English,Sci-fi,Male,Primary,https://www.goodreads.com/book/show/21618.Forever_Peace,http://www.librarything.com/work/45880/book/154769441,1943,Male,53,White,American,17062,1771,3.5,3.74
Haldeman,Joe,Forever Peace,1997,368,1999,Nebula Award,SFF Writers of America,Popular,Novel,Adult,English,Sci-fi,Male,Primary,https://www.goodreads.com/book/show/21618.Forever_Peace,http://www.librarything.com/work/45880/book/154769441,1943,Male,53,White,American,17062,1771,3.5,3.74
Haldeman,Joe,Camouflage,2004,304,2006,Nebula Award,SFF Writers of America,Popular,Novel,Adult,English,Sci-fi,Mixed,Primary,https://www.goodreads.com/book/show/21607.Camouflage,http://www.librarything.com/work/48214/book/155873596,1943,Male,60,White,American,5526,954,3.4699999999999998,3.63
Haldeman,Joe,Camouflage,2004,304,2004,Otherwise Award,Award: Otherwise,Juried,Novel,Adult,English,Sci-fi,Mixed,Primary,https://www.goodreads.com/book/show/21607.Camouflage,http://www.librarything.com/work/48214/book/155873596,1943,Male,60,White,American,5526,954,3.4699999999999998,3.63
Hall,Sarah,The Carhullan Army,2007,224,2007,Otherwise Award,Award: Otherwise,Juried,Novel,Adult,English,Sci-fi,Female,Primary,https://www.goodreads.com/book/show/2744237-daughters-of-the-north,http://www.librarything.com/work/3256265/book/153454620,1974,Female,32,White,English,3468,588,3.34,3.39
Hand,Elizabeth,Waking the Moon,1994,390,1995,Otherwise Award,Award: Otherwise,Juried,Novel,Adult,English,Fantasy,Female,Primary,https://www.goodreads.com/book/show/102885.Waking_the_Moon,http://www.librarything.com/work/51474/book/144138908,1957,Female,36,White,American,1931,681,3.72,3.86
Harding,Paul,Tinkers,2009,192,2010,Pulitzer Prize (Fiction),Pulitzer Prize,Juried,Novel,Adult,English,Literary fiction,Male,Primary,https://www.goodreads.com/book/show/4957350-tinkers,http://www.librarything.com/work/7460810/book/175320218,1967,Male,41,White,American,28446,2906,3.48,3.38
Harrison,M. John,Light,2002,310,2002,Otherwise Award,Award: Otherwise,Juried,Novel,Adult,English,Sci-fi,Mixed,Primary,https://www.goodreads.com/book/show/17735.Light,http://www.librarything.com/work/23168/book/141073207,1945,Male,56,White,English,4563,1651,3.44,3.6
Heinlein,Robert A.,Stranger in a Strange Land,1961,672,1962,Hugo Award,World SF Society,Popular,Novel,Adult,English,Sci-fi,Male,Primary,https://www.goodreads.com/book/show/350.Stranger_in_a_Strange_Land,http://www.librarything.com/work/6904/book/24476246,1907,Male,53,White,American,259948,8847,3.9099999999999997,3.92
Heinlein,Robert A.,The Moon is a Harsh Mistress,1966,384,1967,Hugo Award,World SF Society,Popular,Novel,Adult,English,Sci-fi,Male,Primary,https://www.goodreads.com/book/show/16690.The_Moon_is_a_Harsh_Mistress,http://www.librarything.com/work/7930/book/56005404,1907,Male,58,White,American,100934,8286,4.14,4.17
Heinlein,Robert A.,Double Star,1956,256,1956,Hugo Award,World SF Society,Popular,Novel,Adult,English,Sci-fi,Male,Primary,https://www.goodreads.com/book/show/175324.Double_Star,http://www.librarything.com/work/7502/book/56005278,1907,Male,48,White,American,18291,2534,3.71,3.89
Heinlein,Robert A.,Starship Troopers,1959,292,1960,Hugo Award,World SF Society,Popular,Novel,Adult,English,Sci-fi,Male,Primary,https://www.goodreads.com/book/show/17214.Starship_Troopers,http://www.librarything.com/work/7802/book/11725198,1907,Male,51,White,American,175102,9627,3.8699999999999997,4.01
Hemingway,Ernest,The Old Man and the Sea,1952,132,1953,Pulitzer Prize (Fiction),Pulitzer Prize,Juried,Novel,Adult,English,Literary fiction,Male,Primary,https://www.goodreads.com/book/show/2165.The_Old_Man_and_the_Sea,http://www.librarything.com/work/4933/book/11725257,1899,Male,52,White,American,735162,23051,3.7800000000000002,3.76
Herbert,Frank,Dune,1965,544,1966,Hugo Award,World SF Society,Popular,Novel,Adult,English,Sci-fi,Male,Primary,https://www.goodreads.com/book/show/44767458-dune,http://www.librarything.com/work/4041453/book/24476555,1920,Male,44,White,American,643820,28887,4.29,4.22
Herbert,Frank,Dune,1965,544,1966,Nebula Award,SFF Writers of America,Popular,Novel,Adult,English,Sci-fi,Male,Primary,https://www.goodreads.com/book/show/44767458-dune,http://www.librarything.com/work/4041453/book/24476555,1920,Male,44,White,American,643820,28887,4.29,4.22
Hersey,John,A Bell for Adano,1944,269,1945,Pulitzer Prize (Fiction),Pulitzer Prize,Juried,Novel,Adult,English,Literary fiction,Male,Primary,https://www.goodreads.com/book/show/415412.A_Bell_for_Adano,http://www.librarything.com/work/106178/book/24916491,1914,Male,29,White,American,7337,889,3.73,3.97
Hijuelos,Oscar,The Mambo Kings Play Songs of Love,1989,407,1990,Pulitzer Prize (Fiction),Pulitzer Prize,Juried,Novel,Adult,English,Literary fiction,Male,Primary,https://www.goodreads.com/book/show/294081.The_Mambo_Kings_Play_Songs_of_Love,http://www.librarything.com/work/83428/book/175320101,1951,Male,37,Hispanic,American,11246,1664,3.58,3.69
Jackson,Shelley,Half Life,2006,448,2006,Otherwise Award,Award: Otherwise,Juried,Novel,Adult,English,Sci-fi,Female,Primary,https://www.goodreads.com/book/show/47079.Half_Life,http://www.librarything.com/work/3162823/book/145953933,1963,Female,42,White,American,774,268,3.5,3.25
Jemisin,N.K.,The Fifth Season,2015,512,2016,Hugo Award,World SF Society,Popular,Novel,Adult,English,Fantasy,Mixed,Primary,https://www.goodreads.com/book/show/19161852-the-fifth-season,http://www.librarything.com/work/14231634/book/141878117,1972,Female,42,Black,American,101343,3004,4.2,4.31
Jemisin,N.K.,The Stone Sky,2017,464,2018,Hugo Award,World SF Society,Popular,Novel,Adult,English,Fantasy,Mixed,Primary,https://www.goodreads.com/book/show/31817749-the-stone-sky,http://www.librarything.com/work/18793407/book/155876197,1972,Female,44,Black,American,48657,1262,4.2700000000000005,4.35
Jemisin,N.K.,The Stone Sky,2017,464,2018,Nebula Award,SFF Writers of America,Popular,Novel,Adult,English,Fantasy,Mixed,Primary,https://www.goodreads.com/book/show/31817749-the-stone-sky,http://www.librarything.com/work/18793407/book/155876197,1972,Female,44,Black,American,48657,1262,4.2700000000000005,4.35
Jemisin,N.K.,The Obelisk Gate,2016,448,2017,Hugo Award,World SF Society,Popular,Novel,Adult,English,Fantasy,Mixed,Primary,https://www.goodreads.com/book/show/26228034-the-obelisk-gate,http://www.librarything.com/work/16518639/book/155876041,1972,Female,43,Black,American,62208,1560,4.21,4.32
Johnson,Adam,The Orphan Master's Son,2012,443,2013,Pulitzer Prize (Fiction),Pulitzer Prize,Juried,Novel,Adult,English,Literary fiction,Male,Primary,https://www.goodreads.com/book/show/11529868-the-orphan-master-s-son,http://www.librarything.com/work/11716098/book/155611941,1967,Male,44,NA,American,80504,2899,4.06,4.07
Johnson,Josephine Winslow,Now in November,1934,288,1935,Pulitzer Prize (Fiction),Pulitzer Prize,Juried,Novel,Adult,English,Literary fiction,Mixed,Primary,https://www.goodreads.com/book/show/267115.Now_in_November,http://www.librarything.com/work/850912/book/175319928,1910,Female,23,White,American,1304,206,3.4699999999999998,3.68
Jones,Edward P.,The Known World,2003,432,2004,Pulitzer Prize (Fiction),Pulitzer Prize,Juried,Novel,Adult,English,Literary fiction,Male,Primary,https://www.goodreads.com/book/show/67.The_Known_World,http://www.librarything.com/work/18258/book/175320166,1950,Male,52,Black,American,32888,5819,3.77,3.83
Jones,Gwyneth,White Queen,1991,316,1991,Otherwise Award,Award: Otherwise,Juried,Novel,Adult,English,Sci-fi,Mixed,Primary,https://www.goodreads.com/book/show/955166.White_Queen,http://www.librarything.com/work/49496/book/145952891,1952,Female,38,White,English,194,229,2.98,3.37
Kantor,MacKinlay,Andersonville,1955,766,1956,Pulitzer Prize (Fiction),Pulitzer Prize,Juried,Novel,Adult,English,Literary fiction,Male,Primary,https://www.goodreads.com/book/show/77239.Andersonville,http://www.librarything.com/work/65103/book/175319977,1904,Male,50,White,American,7144,972,4.04,4.11
Kennedy,William,Ironweed,1983,240,1984,Pulitzer Prize (Fiction),Pulitzer Prize,Juried,Novel,Adult,English,Literary fiction,Male,Primary,https://www.goodreads.com/book/show/267243.Ironweed,http://www.librarything.com/work/37306/book/64213618,1928,Male,54,White,American,15104,2067,3.82,3.86
Kessel,John,The Baum Plan for Financial Independence and Other Stories,2008,315,2002,Otherwise Award,Award: Otherwise,Juried,Stories,Adult,English,Sci-fi,Mixed,Primary,https://www.goodreads.com/book/show/2880461-the-baum-plan-for-financial-independence-and-other-stories,http://www.librarything.com/work/4853155/book/145953822,1950,Male,57,White,American,185,190,3.86,3.66
Keyes,Daniel,Flowers for Algernon,1966,324,1967,Nebula Award,SFF Writers of America,Popular,Novel,Adult,English,Sci-fi,Male,Primary,https://www.goodreads.com/book/show/36576608-flowers-for-algernon,http://www.librarything.com/work/2516333/book/24493669,1927,Male,38,White,American,433462,11493,4.1,4.12
Kiernan,Caitlin R.,The Drowning Girl,2012,352,2012,Otherwise Award,Award: Otherwise,Juried,Novel,Adult,English,Fantasy,Female,Primary,https://www.goodreads.com/book/show/11515328-the-drowning-girl,http://www.librarything.com/work/11366773/book/153513942,1964,Female,47,White,American,3950,468,3.7600000000000002,3.73
Kowal,Mary Robinette,The Calculating Stars,2018,431,2019,Hugo Award,World SF Society,Popular,Novel,Adult,English,Sci-fi,Female,Primary,https://www.goodreads.com/book/show/33080122-the-calculating-stars,http://www.librarything.com/work/20547312/book/175527953,1969,Female,48,White,American,12189,669,4.01,4.08
Kowal,Mary Robinette,The Calculating Stars,2018,431,2019,Nebula Award,SFF Writers of America,Popular,Novel,Adult,English,Sci-fi,Female,Primary,https://www.goodreads.com/book/show/33080122-the-calculating-stars,http://www.librarything.com/work/20547312/book/175527953,1969,Female,48,White,American,12189,669,4.01,4.08
La Farge,Oliver,Laughing Boy,1929,193,1930,Pulitzer Prize (Fiction),Pulitzer Prize,Juried,Novel,Adult,English,Literary fiction,Male,Primary,https://www.goodreads.com/book/show/1160780.Laughing_Boy,http://www.librarything.com/work/761672/book/175319891,1901,Male,27,White,American,3086,546,3.71,3.74
Lahiri,Jhumpa,Interpreter of Maladies,1999,198,2000,Pulitzer Prize (Fiction),Pulitzer Prize,Juried,Stories,Adult,English,Literary fiction,Mixed,Primary,https://www.goodreads.com/book/show/5439.Interpreter_of_Maladies,http://www.librarything.com/work/8509221/book/138048206,1967,Female,31,Asian,English,149652,9986,4.08,4.14
Le Guin,Ursula K.,The Left Hand of Darkness,1969,320,1970,Hugo Award,World SF Society,Popular,Novel,Adult,English,Sci-fi,Male,Primary,https://www.goodreads.com/book/show/18423.The_Left_Hand_of_Darkness,http://www.librarything.com/work/23117/book/121644001,1929,Female,39,White,American,104179,11308,4.05,4.06
Le Guin,Ursula K.,The Left Hand of Darkness,1969,320,1970,Nebula Award,SFF Writers of America,Popular,Novel,Adult,English,Sci-fi,Male,Primary,https://www.goodreads.com/book/show/18423.The_Left_Hand_of_Darkness,http://www.librarything.com/work/23117/book/121644001,1929,Female,39,White,American,104179,11308,4.05,4.06
Le Guin,Ursula K.,Tehanu,1990,288,1991,Nebula Award,SFF Writers of America,Popular,Novel,YA,English,Fantasy,Female,Primary,https://www.goodreads.com/book/show/13661.Tehanu,http://www.librarything.com/work/2860311/book/64319647,1929,Female,60,White,American,30942,4143,3.8,3.94
Le Guin,Ursula K.,The Dispossessed,1974,400,1975,Hugo Award,World SF Society,Popular,Novel,Adult,English,Sci-fi,Male,Primary,https://www.goodreads.com/book/show/13651.The_Dispossessed,http://www.librarything.com/work/21142/book/121648141,1929,Female,44,White,American,74778,7545,4.14,4.21
Le Guin,Ursula K.,The Dispossessed,1974,400,1975,Nebula Award,SFF Writers of America,Popular,Novel,Adult,English,Sci-fi,Male,Primary,https://www.goodreads.com/book/show/13651.The_Dispossessed,http://www.librarything.com/work/21142/book/121648141,1929,Female,44,White,American,74778,7545,4.14,4.21
Le Guin,Ursula K.,Powers,2007,502,2009,Nebula Award,SFF Writers of America,Popular,Novel,YA,English,Fantasy,Male,Primary,https://www.goodreads.com/book/show/68020.Powers,http://www.librarything.com/work/3019114/book/155885015,1929,Female,77,White,American,3909,762,4.05,3.99
Le Guin,Ursula K.,The Birthday of the World and Other Stories,2002,384,1994,Otherwise Award,Award: Otherwise,Juried,Stories,Adult,English,Sci-fi,Mixed,Primary,https://www.goodreads.com/book/show/68021.The_Birthday_of_the_World_and_Other_Stories,http://www.librarything.com/work/160911/book/145592490,1929,Female,72,White,American,3866,1073,4.1499999999999995,4.3
Le Guin,Ursula K.,The Birthday of the World and Other Stories,2002,384,1996,Otherwise Award,Award: Otherwise,Juried,Stories,Adult,English,Sci-fi,Mixed,Primary,https://www.goodreads.com/book/show/68021.The_Birthday_of_the_World_and_Other_Stories,http://www.librarything.com/work/160911/book/145592490,1929,Female,72,White,American,3866,1073,4.1499999999999995,4.3
Leckie,Ann,Ancillary Justice,2013,416,2014,Hugo Award,World SF Society,Popular,Novel,Adult,English,Sci-fi,Mixed,Primary,https://www.goodreads.com/book/show/17333324-ancillary-justice,http://www.librarything.com/work/14046991/book/141606714,1966,Female,46,White,American,69847,3456,3.9899999999999998,3.98
Leckie,Ann,Ancillary Justice,2013,416,2014,Nebula Award,SFF Writers of America,Popular,Novel,Adult,English,Sci-fi,Mixed,Primary,https://www.goodreads.com/book/show/17333324-ancillary-justice,http://www.librarything.com/work/14046991/book/141606714,1966,Female,46,White,American,69847,3456,3.9899999999999998,3.98
Lee,Harper,To Kill a Mockingbird,1960,324,1961,Pulitzer Prize (Fiction),Pulitzer Prize,Juried,Novel,YA,English,Literary fiction,Female,Primary,https://www.goodreads.com/book/show/2657.To_Kill_a_Mockingbird,http://www.librarything.com/work/3092/book/11727116,1926,Female,33,White,American,4066573,60913,4.39,4.27
Leiber,Fritz,The Big Time,1958,130,1958,Hugo Award,World SF Society,Popular,Novel,Adult,English,Sci-fi,Female,Primary,https://www.goodreads.com/book/show/102281.The_Big_Time,http://www.librarything.com/work/148762/book/144659032,1910,Male,47,White,American,2880,931,3.12,3.28
Leiber,Fritz,The Wanderer,1964,320,1965,Hugo Award,World SF Society,Popular,Novel,Adult,English,Sci-fi,Mixed,Primary,https://www.goodreads.com/book/show/218709.The_Wanderer,http://www.librarything.com/work/21364/book/144659036,1910,Male,53,White,American,2706,887,3.2600000000000002,3.46
Lewis,Sinclair,Arrowsmith,1925,480,1926,Pulitzer Prize (Fiction),Pulitzer Prize,Juried,Novel,Adult,English,Literary fiction,Male,Primary,https://www.goodreads.com/book/show/11389.Arrowsmith,http://www.librarything.com/work/92837/book/87234488,1885,Male,39,White,American,6490,1662,3.77,3.82
Link,Kelly,Stranger Things Happen,2001,266,1997,Otherwise Award,Award: Otherwise,Juried,Stories,Adult,English,Fantasy,Mixed,Primary,https://www.goodreads.com/book/show/66659.Stranger_Things_Happen,http://www.librarything.com/work/43186/book/145953301,1969,Female,31,White,American,5227,1465,4.03,3.84
Liu,Cixin,The Three-Body Solution,2006,416,2015,Hugo Award,World SF Society,Popular,Novel,Adult,Chinese,Sci-fi,Mixed,Primary,https://www.goodreads.com/book/show/20518872-the-three-body-problem,http://www.librarything.com/work/14831230/book/140910123,1963,Male,42,Asian,Chinese,107959,3258,3.74,4.06
Lurie,Alison,Foreign Affairs,1984,292,1985,Pulitzer Prize (Fiction),Pulitzer Prize,Juried,Novel,Adult,English,Literary fiction,Mixed,Primary,https://www.goodreads.com/book/show/202897.Foreign_Affairs,http://www.librarything.com/work/102472/book/150346380,1926,Female,57,White,American,9147,1116,3.64,3.73
Mailer,Norman,The Executioner's Song,1979,1056,1980,Pulitzer Prize (Fiction),Pulitzer Prize,Juried,Novel,Adult,English,Experimental,Male,Primary,https://www.goodreads.com/book/show/12468.The_Executioner_s_Song,http://www.librarything.com/work/104529/book/87275360,1923,Male,55,White,American,17534,2329,3.9899999999999998,4.06
Malamud,Bernard,The Fixer,1966,335,1967,Pulitzer Prize (Fiction),Pulitzer Prize,Juried,Novel,Adult,English,Literary fiction,Male,Primary,https://www.goodreads.com/book/show/3066.The_Fixer,http://www.librarything.com/work/19733/book/175320018,1914,Male,51,White,American,9332,1859,3.9,3.96
Marquand,John P.,The Late George Apley,1937,368,1938,Pulitzer Prize (Fiction),Pulitzer Prize,Juried,Novel,Adult,English,Literary fiction,Mixed,Primary,https://www.goodreads.com/book/show/267418.The_Late_George_Apley,http://www.librarything.com/work/259433/book/175319933,1893,Male,43,White,American,2109,542,3.66,3.69
McCarthy,Cormac,The Road,2006,241,2007,Pulitzer Prize (Fiction),Pulitzer Prize,Juried,Novel,Adult,English,Sci-fi,Male,Primary,https://www.goodreads.com/book/show/6288.The_Road,http://www.librarything.com/work/1222607/book/11269746,1933,Male,72,White,American,657566,27601,4.07,3.96
McDevitt,Jack,Seeker,2005,373,2007,Nebula Award,SFF Writers of America,Popular,Novel,Adult,English,Sci-fi,Male,Primary,https://www.goodreads.com/book/show/352777.Seeker,http://www.librarything.com/work/49039/book/155884396,1935,Male,69,White,American,6821,1107,3.73,3.91
McHugh,Maureen F.,China Mountain Zhang,1992,313,1992,Otherwise Award,Award: Otherwise,Juried,Novel,Adult,English,Sci-fi,Male,Primary,https://www.goodreads.com/book/show/836964.China_Mountain_Zhang,http://www.librarything.com/work/23052/book/141075089,1959,Female,32,White,American,3539,1071,4.02,3.94
McIntyre,Vonda N.,The Moon and the Sun,1997,432,1998,Nebula Award,SFF Writers of America,Popular,Novel,Adult,English,Fantasy,Female,Primary,https://www.goodreads.com/book/show/263023.The_Moon_and_the_Sun,http://www.librarything.com/work/115962/book/155883935,1948,Female,48,White,American,1657,650,3.4099999999999997,3.62
McIntyre,Vonda N.,Dreamsnake,1978,313,1979,Hugo Award,World SF Society,Popular,Novel,Adult,English,Sci-fi,Female,Primary,https://www.goodreads.com/book/show/263021.Dreamsnake,http://www.librarything.com/work/152972/book/141877792,1948,Female,29,White,American,8581,1487,3.88,3.86
McIntyre,Vonda N.,Dreamsnake,1978,313,1979,Nebula Award,SFF Writers of America,Popular,Novel,Adult,English,Sci-fi,Female,Primary,https://www.goodreads.com/book/show/263021.Dreamsnake,http://www.librarything.com/work/152972/book/141877792,1948,Female,29,White,American,8581,1487,3.88,3.86
McLemore,Anna-Marie,When the Moon was Ours,2016,288,2016,Otherwise Award,Award: Otherwise,Juried,Novel,YA,English,Fantasy,Mixed,Primary,https://www.goodreads.com/book/show/28220826-when-the-moon-was-ours,http://www.librarything.com/work/16935668/book/153527767,NA,Female,NA,Hispanic,American,6062,400,3.9,3.93
McMurtry,Larry,Lonesome Dove,1985,945,1986,Pulitzer Prize (Fiction),Pulitzer Prize,Juried,Novel,Adult,English,Western,Mixed,Primary,https://www.goodreads.com/book/show/256008.Lonesome_Dove,http://www.librarything.com/work/4392/book/11727903,1936,Male,48,White,American,135737,6244,4.55,4.49
McPherson,James Alan,Elbow Room,1977,288,1978,Pulitzer Prize (Fiction),Pulitzer Prize,Juried,Stories,Adult,English,Literary fiction,Mixed,Primary,https://www.goodreads.com/book/show/538059.Elbow_Room,http://www.librarything.com/work/83768/book/175320051,1943,Male,33,Black,American,1543,244,3.1,3.7
Michener,James A.,Tales of the South Pacific,1947,384,1948,Pulitzer Prize (Fiction),Pulitzer Prize,Juried,Stories,Adult,English,Literary fiction,Mixed,Primary,https://www.goodreads.com/book/show/133488.Tales_of_the_South_Pacific,http://www.librarything.com/work/147414/book/87236756,1907,Male,39,White,American,13698,1399,3.67,4.04
Mieville,China,The City and the City,2009,352,2010,Hugo Award,World SF Society,Popular,Novel,Adult,English,Fantasy,Male,Primary,https://www.goodreads.com/book/show/4703581-the-city-the-city,http://www.librarything.com/work/7702396/book/87236557,1972,Male,36,White,English,47252,4711,3.98,3.91
Miller,Caroline,Lamb in His Bosom,1933,357,1934,Pulitzer Prize (Fiction),Pulitzer Prize,Juried,Novel,Adult,English,Literary fiction,Mixed,Primary,https://www.goodreads.com/book/show/267478.Lamb_in_His_Bosom,http://www.librarything.com/work/145682/book/175319918,1903,Female,29,White,American,1416,193,3.8099999999999996,3.83
"Miller, Jr.",Walter M.,A Canticle for Leibowitz,1959,352,1961,Hugo Award,World SF Society,Popular,Novel,Adult,English,Sci-fi,Male,Primary,https://www.goodreads.com/book/show/164154.A_Canticle_for_Leibowitz,http://www.librarything.com/work/48053/book/24524031,1923,Male,35,White,American,84370,9103,3.9499999999999997,3.98
Millhauser,Steven,Martin Dressler: The Tale of an American Dreamer,1996,306,1997,Pulitzer Prize (Fiction),Pulitzer Prize,Juried,Novel,Adult,English,Literary fiction,Male,Primary,https://www.goodreads.com/book/show/40856825-martin-dressler,http://www.librarything.com/work/7303/book/175320169,1943,Male,52,White,American,8998,1407,3.58,3.57
Mitchell,Margaret,Gone with the Wind,1936,1037,1937,Pulitzer Prize (Fiction),Pulitzer Prize,Juried,Novel,Adult,English,Romance,Mixed,Primary,https://www.goodreads.com/book/show/18405.Gone_with_the_Wind,http://www.librarything.com/work/34878/book/24524116,1900,Female,35,White,American,1012991,18706,4.3,4.29
Momaday,N. Scott,House Made of Dawn,1968,198,1969,Pulitzer Prize (Fiction),Pulitzer Prize,Juried,Novel,Adult,English,Literary fiction,Male,Primary,https://www.goodreads.com/book/show/110996.House_Made_of_Dawn,http://www.librarything.com/work/53716/book/175320020,1934,Male,33,Native American,American,6140,1393,3.51,3.67
Moon,Elizabeth,The Speed of Dark,2002,384,2004,Nebula Award,SFF Writers of America,Popular,Novel,Adult,English,Sci-fi,Male,Primary,https://www.goodreads.com/book/show/96063.The_Speed_of_Dark,http://www.librarything.com/work/15604/book/155884222,1945,Female,56,White,American,9625,1911,4,4
Morrison,Toni,Beloved,1987,324,1988,Pulitzer Prize (Fiction),Pulitzer Prize,Juried,Novel,Adult,English,Literary fiction,Female,Primary,https://www.goodreads.com/book/show/6149.Beloved,http://www.librarything.com/work/2182/book/25964445,1931,Female,55,Black,American,289967,17422,3.88,3.82
Murphy,Pat,The Falling Woman,1986,287,1988,Nebula Award,SFF Writers of America,Popular,Novel,Adult,English,Fantasy,Female,Primary,https://www.goodreads.com/book/show/593791.The_Falling_Woman,http://www.librarything.com/work/94151/book/141075685,1955,Female,30,White,American,1601,552,3.71,3.62
Ness,Patrick,The Knife of Never Letting Go,2008,512,2008,Otherwise Award,Award: Otherwise,Juried,Novel,YA,English,Sci-fi,Male,Primary,https://www.goodreads.com/book/show/20758104-the-knife-of-never-letting-go,http://www.librarything.com/work/5400850/book/112333409,1971,Male,36,White,English,140550,4659,4.03,3.97
Nguyen,Viet Thanh,The Sympathizer,2015,371,2016,Pulitzer Prize (Fiction),Pulitzer Prize,Juried,Novel,Adult,English,Literary fiction,Male,Primary,https://www.goodreads.com/book/show/23168277-the-sympathizer,http://www.librarything.com/work/15254537/book/175320229,1971,Male,43,Asian,Vietnamese,59788,1879,3.9,4
Niven,Larry,Ringworld,1970,352,1971,Hugo Award,World SF Society,Popular,Novel,Adult,English,Sci-fi,Male,Primary,https://www.goodreads.com/book/show/61179.Ringworld,http://www.librarything.com/work/6899/book/56008158,1938,Male,31,White,American,96568,7861,3.79,3.96
Niven,Larry,Ringworld,1970,352,1971,Nebula Award,SFF Writers of America,Popular,Novel,Adult,English,Sci-fi,Male,Primary,https://www.goodreads.com/book/show/61179.Ringworld,http://www.librarything.com/work/6899/book/56008158,1938,Male,31,White,American,96568,7861,3.79,3.96
Novik,Naomi,Uprooted,2015,464,2016,Nebula Award,SFF Writers of America,Popular,Novel,YA,English,Fantasy,Female,Primary,https://www.goodreads.com/book/show/22544764-uprooted,http://www.librarything.com/work/15087064/book/155885191,1973,Female,41,White,American,136735,3342,4.159999999999999,4.09
O'Connor,Edwin,The Edge of Sadness,1961,646,1962,Pulitzer Prize (Fiction),Pulitzer Prize,Juried,Novel,Adult,English,Literary fiction,Male,Primary,https://www.goodreads.com/book/show/87202.The_Edge_of_Sadness,http://www.librarything.com/work/160158/book/175320000,1918,Male,42,White,American,2162,335,3.8699999999999997,3.87
Panshin,Alexei,Rite of Passage,1968,260,1969,Nebula Award,SFF Writers of America,Popular,Novel,YA,English,Sci-fi,Female,Primary,https://www.goodreads.com/book/show/229021.Rite_of_Passage,http://www.librarything.com/work/49006/book/155877382,1940,Male,27,White,American,3147,831,3.79,3.86
Peterkin,Julia,Scarlet Sister Mary,1928,376,1929,Pulitzer Prize (Fiction),Pulitzer Prize,Juried,Novel,Adult,English,Literary fiction,Mixed,Primary,https://www.goodreads.com/book/show/102855.Scarlet_Sister_Mary,http://www.librarything.com/work/299738/book/175319887,1880,Female,47,White,American,1048,156,3.3899999999999997,3.6
Pohl,Frederik,Man Plus,1976,272,1977,Nebula Award,SFF Writers of America,Popular,Novel,Adult,English,Sci-fi,Male,Primary,https://www.goodreads.com/book/show/367215.Man_Plus,http://www.librarything.com/work/20890/book/142302657,1919,Male,56,White,American,7313,1193,3.46,3.74
Pohl,Frederik,Gateway,1977,288,1978,Hugo Award,World SF Society,Popular,Novel,Adult,English,Sci-fi,Male,Primary,https://www.goodreads.com/book/show/218427.Gateway,http://www.librarything.com/work/17643/book/141261184,1919,Male,57,White,American,37135,3639,3.96,4.07
Pohl,Frederik,Gateway,1977,288,1978,Nebula Award,SFF Writers of America,Popular,Novel,Adult,English,Sci-fi,Male,Primary,https://www.goodreads.com/book/show/218427.Gateway,http://www.librarything.com/work/17643/book/141261184,1919,Male,57,White,American,37135,3639,3.96,4.07
Poole,Ernest,His Family,1917,336,1918,Pulitzer Prize (Fiction),Pulitzer Prize,Juried,Novel,Adult,English,Literary fiction,Male,Primary,https://www.goodreads.com/book/show/543095.His_Family,http://www.librarything.com/work/882845/book/175319844,1880,Male,36,White,American,1732,167,3.77,3.63
Porter,Katherine Anne,The Collected Stories of Katherine Anne Porter,1965,495,1966,Pulitzer Prize (Fiction),Pulitzer Prize,Juried,Stories,Adult,English,Literary fiction,Mixed,Primary,https://www.goodreads.com/book/show/129671.The_Collected_Stories_of_Katherine_Anne_Porter,http://www.librarything.com/work/73687/book/175320007,1890,Female,74,White,American,5844,889,3.77,3.99
Powers,Richard,The Overstory,2018,502,2019,Pulitzer Prize (Fiction),Pulitzer Prize,Juried,Novel,Adult,English,Literary fiction,Mixed,Primary,https://www.goodreads.com/book/show/40180098-the-overstory,http://www.librarything.com/work/20296983/book/159193305,1957,Male,60,White,American,29865,1316,4.1899999999999995,4.19
Proulx,Annie,The Shipping News,1993,337,1994,Pulitzer Prize (Fiction),Pulitzer Prize,Juried,Novel,Adult,English,Literary fiction,Male,Primary,https://www.goodreads.com/book/show/7354.The_Shipping_News,http://www.librarything.com/work/3049/book/52372956,1935,Female,57,White,American,124379,11696,3.86,3.86
Rawlings,Marjorie Kinnan,The Yearling,1938,513,1939,Pulitzer Prize (Fiction),Pulitzer Prize,Juried,Novel,YA,English,Literary fiction,Male,Primary,https://www.goodreads.com/book/show/159582.The_Yearling,http://www.librarything.com/work/46572/book/175319934,1896,Female,41,White,American,25017,3307,4,4
Richter,Conrad,The Town,1950,309,1951,Pulitzer Prize (Fiction),Pulitzer Prize,Juried,Novel,Adult,English,Literary fiction,Mixed,Primary,https://www.goodreads.com/book/show/115468.The_Town,http://www.librarything.com/work/348592/book/175319969,1890,Male,59,White,American,3473,281,3.98,3.93
Riley,Frank,They'd Rather Be Right,1955,351,1955,Hugo Award,World SF Society,Popular,Novel,Adult,English,Sci-fi,Male,Secondary,https://www.goodreads.com/book/show/754001.They_d_Rather_Be_Right,http://www.librarything.com/work/462507/book/155874654,1915,Male,39,White,American,1010,285,2.82,3.09
Robinson,Kim Stanley,Blue Mars,1996,784,1997,Hugo Award,World SF Society,Popular,Novel,Adult,English,Sci-fi,Mixed,Primary,https://www.goodreads.com/book/show/77504.Blue_Mars,http://www.librarything.com/work/17623/book/121649051,1952,Male,43,White,American,24568,3814,3.9099999999999997,3.93
Robinson,Kim Stanley,Red Mars,1993,592,1994,Nebula Award,SFF Writers of America,Popular,Novel,Adult,English,Sci-fi,Mixed,Primary,https://www.goodreads.com/book/show/77507.Red_Mars,http://www.librarything.com/work/17666/book/121649049,1952,Male,40,White,American,61469,6315,3.8899999999999997,3.85
Robinson,Kim Stanley,Green Mars,1994,640,1994,Hugo Award,World SF Society,Popular,Novel,Adult,English,Sci-fi,Mixed,Primary,https://www.goodreads.com/book/show/77505.Green_Mars,http://www.librarything.com/work/9614374/book/121649050,1952,Male,41,White,American,30317,4165,3.9099999999999997,3.93
Robinson,Marilynne,Gilead,2004,247,2005,Pulitzer Prize (Fiction),Pulitzer Prize,Juried,Novel,Adult,English,Literary fiction,Male,Primary,https://www.goodreads.com/book/show/68210.Gilead,http://www.librarything.com/work/16914/book/34800316,1943,Female,60,White,American,72611,8895,3.9099999999999997,3.85
Roszak,Theodore,The Memoirs of Elizabeth Frankenstein,1995,425,1995,Otherwise Award,Award: Otherwise,Juried,Novel,Adult,English,Sci-fi,Female,Primary,https://www.goodreads.com/book/show/35254.The_Memoirs_of_Elizabeth_Frankenstein,http://www.librarything.com/work/94153/book/153112877,1933,Male,61,White,American,307,241,3.16,3.56
Roth,Philip,American Pastoral,1997,432,1998,Pulitzer Prize (Fiction),Pulitzer Prize,Juried,Novel,Adult,English,Literary fiction,Male,Primary,https://www.goodreads.com/book/show/11650.American_Pastoral,http://www.librarything.com/work/7864474/book/64312590,1933,Male,63,White,American,56758,6493,3.92,3.92
Rowling,J.K.,Harry Potter and the Goblet of Fire,2000,752,2001,Hugo Award,World SF Society,Popular,Novel,YA,English,Fantasy,Male,Primary,https://www.goodreads.com/book/show/6.Harry_Potter_and_the_Goblet_of_Fire,http://www.librarything.com/work/113/book/11729318,1965,Female,34,White,English,2281426,80475,4.359999999999999,4.55
Ruff,Matt,Set This House in Order,2003,496,2003,Otherwise Award,Award: Otherwise,Juried,Novel,Adult,English,Fantasy,Mixed,Primary,https://www.goodreads.com/book/show/71847.Set_This_House_in_Order,http://www.librarything.com/work/23100/book/56009336,1965,Male,37,White,American,4651,1024,4.31,4.29
Russell,Mary Doria,The Sparrow,1996,408,1996,Otherwise Award,Award: Otherwise,Juried,Novel,Adult,English,Sci-fi,Male,Primary,https://www.goodreads.com/book/show/334176.The_Sparrow,http://www.librarything.com/work/28159/book/145953034,1950,Female,45,White,American,54978,6159,4.2,4.16
Russo,Richard,Empire Falls,2001,483,2002,Pulitzer Prize (Fiction),Pulitzer Prize,Juried,Novel,Adult,English,Literary fiction,Mixed,Primary,https://www.goodreads.com/book/show/187020.Empire_Falls,http://www.librarything.com/work/5758/book/167911042,1949,Male,51,White,American,103223,7721,3.9499999999999997,3.93
Ryman,Geoff,Air,2004,400,2005,Otherwise Award,Award: Otherwise,Juried,Novel,Adult,English,Sci-fi,Female,Primary,https://www.goodreads.com/book/show/206662.Air,http://www.librarything.com/work/134555/book/145953867,1951,Male,52,White,Canadian,2308,766,3.7,3.61
Salaam,Kiini Ibura,"Ancient, Ancient",2012,272,2012,Otherwise Award,Award: Otherwise,Juried,Stories,Adult,English,Sci-fi,Mixed,Primary,https://www.goodreads.com/book/show/15770475-ancient-ancient,http://www.librarything.com/work/12787272/book/153520790,1973,Female,38,Black,American,144,77,3.58,3.9
Sawyer,Robert J.,The Terminal Experiment,1995,352,1996,Nebula Award,SFF Writers of America,Popular,Novel,Adult,English,Sci-fi,Male,Primary,https://www.goodreads.com/book/show/264945.The_Terminal_Experiment,http://www.librarything.com/work/62577/book/155879218,1960,Male,34,White,Canadian,3818,684,3.48,3.75
Sawyer,Robert J.,Hominids,2002,448,2003,Hugo Award,World SF Society,Popular,Novel,Adult,English,Sci-fi,Male,Primary,https://www.goodreads.com/book/show/264946.Hominids,http://www.librarything.com/work/52307/book/155875645,1960,Male,41,White,Canadian,11294,1599,3.63,3.79
Scalzi,John,Redshirts,2012,320,2013,Hugo Award,World SF Society,Popular,Novel,Adult,English,Sci-fi,Male,Primary,https://www.goodreads.com/book/show/13055592-redshirts,http://www.librarything.com/work/11921345/book/141032260,1969,Male,42,White,American,78862,3113,3.7600000000000002,3.85
Scarborough,Elizabeth Ann,The Healer's War,1988,303,1990,Nebula Award,SFF Writers of America,Popular,Novel,Adult,English,Fantasy,Female,Primary,https://www.goodreads.com/book/show/491093.The_Healer_s_War,http://www.librarything.com/work/394512/book/155878282,1947,Female,40,White,American,1592,414,3.66,3.68
Schmatz,Pat,Lizard Radio,2015,288,2015,Otherwise Award,Award: Otherwise,Juried,Novel,YA,English,Sci-fi,Mixed,Primary,https://www.goodreads.com/book/show/24727102-lizard-radio,http://www.librarything.com/work/15693896/book/153525617,1960,Female,54,White,American,690,130,3.98,3.62
Shaara,Michael,The Killer Angels,1974,345,1975,Pulitzer Prize (Fiction),Pulitzer Prize,Juried,Novel,Adult,English,Western,Male,Primary,https://www.goodreads.com/book/show/682804.The_Killer_Angels,http://www.librarything.com/work/6935/book/175320047,1928,Male,45,White,American,71607,6969,4.3,4.32
Shawl,Nisi,Filter House,2008,288,2008,Otherwise Award,Award: Otherwise,Juried,Stories,Adult,English,Fantasy,Mixed,Primary,https://www.goodreads.com/book/show/3477242-filter-house,http://www.librarything.com/work/5559617/book/153454693,1955,Female,52,Black,American,327,154,3.94,4.01
Shields,Carol,The Stone Diaries,1993,361,1995,Pulitzer Prize (Fiction),Pulitzer Prize,Juried,Novel,Adult,English,Literary fiction,Female,Primary,https://www.goodreads.com/book/show/77554.The_Stone_Diaries,http://www.librarything.com/work/3060/book/175320170,1935,Female,57,White,Canadian,34957,4992,3.75,3.87
Silverberg,Robert,A Time of Changes,1971,304,1971,Nebula Award,SFF Writers of America,Popular,Novel,Adult,English,Sci-fi,Male,Primary,https://www.goodreads.com/book/show/1706646.A_Time_of_Changes,http://www.librarything.com/work/127967/book/155877537,1935,Male,35,White,American,2838,542,3.4,3.71
Simak,Clifford D.,Way Station,1963,236,1964,Hugo Award,World SF Society,Popular,Novel,Adult,English,Sci-fi,Male,Primary,https://www.goodreads.com/book/show/190999.Way_Station,http://www.librarything.com/work/19221/book/141877340,1904,Male,58,White,American,20370,1852,3.9499999999999997,4.04
Simmons,Dan,Hyperion,1989,481,1990,Hugo Award,World SF Society,Popular,Novel,Adult,English,Sci-fi,Mixed,Primary,https://www.goodreads.com/book/show/77566.Hyperion,http://www.librarything.com/work/23078/book/121644606,1948,Male,40,White,American,164876,8415,4.2,4.23
Sinclair,Upton,Dragon's Teeth,1942,662,1943,Pulitzer Prize (Fiction),Pulitzer Prize,Juried,Novel,Adult,English,Literary fiction,Male,Primary,https://www.goodreads.com/book/show/39078166-dragon-s-teeth,http://www.librarything.com/work/512507/book/149988880,1878,Male,63,White,American,510,218,3.82,3.95
Sinisalo,Johanna,Not Before Sundown,2000,240,2004,Otherwise Award,Award: Otherwise,Juried,Novel,Adult,Finnish,Fantasy,Male,Primary,https://www.goodreads.com/book/show/100485.Troll,http://www.librarything.com/work/53393/book/145953845,1958,Female,41,White,Finnish,3834,868,3.69,3.58
Smiley,Jane,A Thousand Acres,1991,371,1992,Pulitzer Prize (Fiction),Pulitzer Prize,Juried,Novel,Adult,English,Literary fiction,Mixed,Primary,https://www.goodreads.com/book/show/41193.A_Thousand_Acres,http://www.librarything.com/work/2310/book/175320131,1949,Female,41,White,American,55481,5233,3.71,3.81
Springer,Nancy,Larque on the Wing,1994,277,1994,Otherwise Award,Award: Otherwise,Juried,Novel,Adult,English,Fantasy,Mixed,Primary,https://www.goodreads.com/book/show/606933.Larque_on_the_Wing,http://www.librarything.com/work/94118/book/144825009,1948,Female,45,White,American,116,133,3.4,3.77
Stafford,Jean,The Collected Stories of Jean Stafford,1969,512,1970,Pulitzer Prize (Fiction),Pulitzer Prize,Juried,Stories,Adult,English,Literary fiction,Mixed,Primary,https://www.goodreads.com/book/show/805969.The_Collected_Stories_of_Jean_Stafford,http://www.librarything.com/work/1148681/book/175320025,1915,Female,53,White,American,1323,274,3.4099999999999997,3.74
Stegner,Wallace,Angle of Repose,1971,569,1972,Pulitzer Prize (Fiction),Pulitzer Prize,Juried,Novel,Adult,English,Western,Male,Primary,https://www.goodreads.com/book/show/292408.Angle_of_Repose,http://www.librarything.com/work/16878/book/87207822,1909,Male,61,White,American,48618,4469,4.2700000000000005,4.27
Steinbeck,John,The Grapes of Wrath,1939,479,1940,Pulitzer Prize (Fiction),Pulitzer Prize,Juried,Novel,Adult,English,Literary fiction,Mixed,Primary,https://www.goodreads.com/book/show/18114322-the-grapes-of-wrath,http://www.librarything.com/work/8488/book/24581077,1902,Male,36,White,American,687304,26991,4.14,3.96
Stephenson,Neal,The Diamond Age,1995,512,1996,Hugo Award,World SF Society,Popular,Novel,Adult,English,Sci-fi,Female,Primary,https://www.goodreads.com/book/show/827.The_Diamond_Age,http://www.librarything.com/work/12987/book/17167957,1959,Male,35,White,American,76542,9522,4.109999999999999,4.19
Stribling,T.S.,The Store,1932,592,1933,Pulitzer Prize (Fiction),Pulitzer Prize,Juried,Novel,Adult,English,Literary fiction,Male,Primary,https://www.goodreads.com/book/show/274607.The_Store,http://www.librarything.com/work/1251985/book/175319916,1881,Male,50,White,American,580,97,3.69,3.73
Strout,Elizabeth,Olive Kitteridge,2008,270,2009,Pulitzer Prize (Fiction),Pulitzer Prize,Juried,Stories,Adult,English,Literary fiction,Female,Primary,https://www.goodreads.com/book/show/1736739.Olive_Kitteridge,http://www.librarything.com/work/10112735/book/157950933,1956,Female,51,White,American,133740,7530,3.9099999999999997,3.82
Styron,William,The Confessions of Nat Turner,1967,453,1968,Pulitzer Prize (Fiction),Pulitzer Prize,Juried,Novel,Adult,English,Literary fiction,Male,Primary,https://www.goodreads.com/book/show/577283.The_Confessions_of_Nat_Turner,http://www.librarything.com/work/7336/book/87208404,1925,Male,41,White,American,13615,2219,3.94,3.97
Sulway,Nike,Rupetta,2013,331,2013,Otherwise Award,Award: Otherwise,Juried,Novel,Adult,English,Fantasy,Female,Primary,https://www.goodreads.com/book/show/17252752-rupetta,http://www.librarything.com/work/13520684/book/153522003,1968,Female,44,White,Australian,177,67,4,3.89
Swanwick,Michael,Stations of the Tide,1991,256,1992,Nebula Award,SFF Writers of America,Popular,Novel,Adult,English,Sci-fi,Male,Primary,https://www.goodreads.com/book/show/243859.Stations_of_the_Tide,http://www.librarything.com/work/49113/book/141552732,1950,Male,40,White,American,2221,668,3.74,3.7
Tarkington,Booth,The Magnificent Ambersons,1918,258,1919,Pulitzer Prize (Fiction),Pulitzer Prize,Juried,Novel,Adult,English,Literary fiction,Male,Primary,https://www.goodreads.com/book/show/127028.The_Magnificent_Ambersons,http://www.librarything.com/work/83427/book/87206995,1869,Male,48,White,American,9624,1293,3.8499999999999996,3.76
Tarkington,Booth,Alice Adams,1921,268,1922,Pulitzer Prize (Fiction),Pulitzer Prize,Juried,Novel,Adult,English,Literary fiction,Female,Primary,https://www.goodreads.com/book/show/525818.Alice_Adams,http://www.librarything.com/work/143395/book/175319859,1869,Male,51,White,American,3921,407,3.61,3.63
Tartt,Donna,The Goldfinch,2013,771,2014,Pulitzer Prize (Fiction),Pulitzer Prize,Juried,Novel,Adult,English,Literary fiction,Male,Primary,https://www.goodreads.com/book/show/17333223-the-goldfinch,http://www.librarything.com/work/13520191/book/123953872,1963,Female,49,White,American,618945,9329,3.98,3.91
Taylor,Peter,A Summons to Memphis,1986,209,1987,Pulitzer Prize (Fiction),Pulitzer Prize,Juried,Novel,Adult,English,Literary fiction,Male,Primary,https://www.goodreads.com/book/show/60737.A_Summons_to_Memphis,http://www.librarything.com/work/6078576/book/175320092,1917,Male,68,White,American,5618,832,3.48,3.67
Taylor,Robert Lewis,The Travels of Jaimie McPheeters,1958,544,1959,Pulitzer Prize (Fiction),Pulitzer Prize,Juried,Novel,Adult,English,Western,Male,Primary,https://www.goodreads.com/book/show/274746.The_Travels_of_Jaimie_McPheeters,http://www.librarything.com/work/301660/book/175319982,1912,Male,45,White,American,2856,290,4.21,3.94
Toole,John Kennedy,A Confederacy of Dunces,1980,416,1981,Pulitzer Prize (Fiction),Pulitzer Prize,Juried,Novel,Adult,English,Experimental,Male,Primary,https://www.goodreads.com/book/show/310612.A_Confederacy_of_Dunces,http://www.librarything.com/work/4096291/book/24614851,1937,Male,42,White,American,215789,17546,3.96,3.88
Tyler,Anne,Breathing Lessons,1988,350,1989,Pulitzer Prize (Fiction),Pulitzer Prize,Juried,Novel,Adult,English,Literary fiction,Female,Primary,https://www.goodreads.com/book/show/31181.Breathing_Lessons,http://www.librarything.com/work/2554460/book/175320098,1941,Female,46,White,American,22541,3668,3.6,3.66
Ugresic,Dubravka,Baba Yaga Laid an Egg,2009,336,2010,Otherwise Award,Award: Otherwise,Juried,Stories,Adult,Croatian,Fantasy,Female,Primary,https://www.goodreads.com/book/show/6011268-baba-yaga-laid-an-egg,http://www.librarything.com/work/7139276/book/153516711,1949,Female,59,White,Croatian,1254,290,3.68,3.65
Updike,John,Rabbit is Rich,1981,480,1982,Pulitzer Prize (Fiction),Pulitzer Prize,Juried,Novel,Adult,English,Literary fiction,Male,Primary,https://www.goodreads.com/book/show/85391.Rabbit_Is_Rich,http://www.librarything.com/work/25793/book/55701169,1932,Male,48,White,American,14960,2088,3.92,3.9
Updike,John,Rabbit at Rest,1990,606,1991,Pulitzer Prize (Fiction),Pulitzer Prize,Juried,Novel,Adult,English,Literary fiction,Male,Primary,https://www.goodreads.com/book/show/11666.Rabbit_at_Rest,http://www.librarything.com/work/1317319/book/55701171,1932,Male,57,White,American,13885,2084,3.9899999999999998,3.97
Valente,Catherynne M.,In the Night Garden,2006,496,2006,Otherwise Award,Award: Otherwise,Juried,Novel,YA,English,Fantasy,Mixed,Primary,https://www.goodreads.com/book/show/202769.In_the_Night_Garden,http://www.librarything.com/work/1745710/book/145953939,1979,Female,26,White,American,6425,1281,4.26,4.14
VanderMeer,Jeff,Annihilation,2014,208,2015,Nebula Award,SFF Writers of America,Popular,Novel,Adult,English,Sci-fi,Female,Primary,https://www.goodreads.com/book/show/17934530-annihilation,http://www.librarything.com/work/14034594/book/112352819,1968,Male,45,White,American,133403,3298,3.7,3.68
Vinge,Joan D.,The Snow Queen,1980,496,1981,Hugo Award,World SF Society,Popular,Novel,Adult,English,Sci-fi,Female,Primary,https://www.goodreads.com/book/show/139986.The_Snow_Queen,http://www.librarything.com/work/67871/book/141052602,1948,Female,31,White,American,11372,1908,3.96,3.95
Vinge,Vernor,A Fire Upon the Deep,1992,624,1993,Hugo Award,World SF Society,Popular,Novel,Adult,English,Sci-fi,Mixed,Primary,https://www.goodreads.com/book/show/77711.A_Fire_Upon_the_Deep,http://www.librarything.com/work/18501/book/121648978,1944,Male,47,White,American,48241,4948,4.109999999999999,4.14
Vinge,Vernor,A Deepness in the Sky,1999,800,2000,Hugo Award,World SF Society,Popular,Novel,Adult,English,Sci-fi,Male,Primary,https://www.goodreads.com/book/show/226004.A_Deepness_in_the_Sky,http://www.librarything.com/work/18498/book/121648997,1944,Male,54,White,American,27360,3277,4.26,4.32
Vinge,Vernor,Rainbows End,2006,400,2007,Hugo Award,World SF Society,Popular,Novel,Adult,English,Sci-fi,Male,Primary,https://www.goodreads.com/book/show/102439.Rainbows_End,http://www.librarything.com/work/356695/book/121649021,1944,Male,61,White,American,15157,2503,3.56,3.77
Walker,Alice,The Color Purple,1982,295,1983,Pulitzer Prize (Fiction),Pulitzer Prize,Juried,Novel,Adult,English,Literary fiction,Female,Primary,https://www.goodreads.com/book/show/11486.The_Color_Purple,http://www.librarything.com/work/283/book/26544045,1944,Female,37,Black,American,471721,15204,4.13,4.2
Walton,Jo,Among Others,2011,304,2012,Hugo Award,World SF Society,Popular,Novel,YA,English,Fantasy,Female,Primary,https://www.goodreads.com/book/show/8706185-among-others,http://www.librarything.com/work/7960634/book/140983329,1964,Female,46,White,English,20776,2306,3.9499999999999997,3.69
Walton,Jo,Among Others,2011,304,2012,Nebula Award,SFF Writers of America,Popular,Novel,YA,English,Fantasy,Female,Primary,https://www.goodreads.com/book/show/8706185-among-others,http://www.librarything.com/work/7960634/book/140983329,1964,Female,46,White,English,20776,2306,3.9499999999999997,3.69
Walton,Jo,My Real Children,2014,336,2014,Otherwise Award,Award: Otherwise,Juried,Novel,Adult,English,Sci-fi,Female,Primary,https://www.goodreads.com/book/show/18490637-my-real-children,http://www.librarything.com/work/14333492/book/153516120,1964,Female,49,White,English,5340,650,3.9099999999999997,3.78
Warren,Robert Penn,All the King's Men,1946,439,1947,Pulitzer Prize (Fiction),Pulitzer Prize,Juried,Novel,Adult,English,Literary fiction,Male,Primary,https://www.goodreads.com/book/show/5527.All_the_King_s_Men,http://www.librarything.com/work/35392/book/24622697,1905,Male,40,White,American,53103,5824,4.119999999999999,4.09
Welty,Eudora,The Optimist's Daughter,1972,180,1973,Pulitzer Prize (Fiction),Pulitzer Prize,Juried,Novel,Adult,English,Literary fiction,Female,Primary,https://www.goodreads.com/book/show/12585.The_Optimist_s_Daughter,http://www.librarything.com/work/18292/book/136919228,1909,Female,62,White,American,9644,2088,3.53,3.51
Wharton,Edith,The Age of Innocence,1920,332,1921,Pulitzer Prize (Fiction),Pulitzer Prize,Juried,Novel,Adult,English,Literary fiction,Mixed,Primary,https://www.goodreads.com/book/show/53835.The_Age_of_Innocence,http://www.librarything.com/work/2237/book/64301302,1862,Female,57,White,American,131267,10920,4.02,3.94
Whitehead,Colson,The Underground Railroad,2016,306,2017,Pulitzer Prize (Fiction),Pulitzer Prize,Juried,Novel,Adult,English,Literary fiction,Mixed,Primary,https://www.goodreads.com/book/show/30555488-the-underground-railroad,http://www.librarything.com/work/17491306/book/158531711,1969,Male,46,Black,American,236780,4444,4.06,4.02
Wilder,Thornton,The Bridge of San Luis Rey,1927,160,1928,Pulitzer Prize (Fiction),Pulitzer Prize,Juried,Novel,Adult,English,Literary fiction,Male,Primary,https://www.goodreads.com/book/show/92508.The_Bridge_of_San_Luis_Rey,http://www.librarything.com/work/25867/book/24622845,1897,Male,29,White,American,28009,3745,3.7800000000000002,3.8
Wilhelm,Kate,Where Late the Sweet Birds Sang,1977,254,1977,Hugo Award,World SF Society,Popular,Novel,Adult,English,Sci-fi,Mixed,Primary,https://www.goodreads.com/book/show/968827.Where_Late_the_Sweet_Birds_Sang,http://www.librarything.com/work/94169/book/141877748,1928,Female,48,White,American,8542,1411,3.84,3.87
Willis,Connie,Doomsday Book,1992,592,1993,Hugo Award,World SF Society,Popular,Novel,Adult,English,Sci-fi,Mixed,Primary,https://www.goodreads.com/book/show/24983.Doomsday_Book,http://www.librarything.com/work/27022/book/121649140,1945,Female,46,White,American,44440,6373,4.1,4.03
Willis,Connie,Doomsday Book,1992,592,1993,Nebula Award,SFF Writers of America,Popular,Novel,Adult,English,Sci-fi,Mixed,Primary,https://www.goodreads.com/book/show/24983.Doomsday_Book,http://www.librarything.com/work/27022/book/121649140,1945,Female,46,White,American,44440,6373,4.1,4.03
Willis,Connie,To Say Nothing of the Dog,1997,512,1999,Hugo Award,World SF Society,Popular,Novel,Adult,English,Sci-fi,Male,Primary,https://www.goodreads.com/book/show/77773.To_Say_Nothing_of_the_Dog,http://www.librarything.com/work/26773/book/121649164,1945,Female,51,White,American,30466,5565,4.1499999999999995,4.13
Willis,Connie,All Clear,2010,656,2011,Hugo Award,World SF Society,Popular,Novel,Adult,English,Sci-fi,Mixed,Primary,https://www.goodreads.com/book/show/6506307-blackout,http://www.librarything.com/work/9534757/book/144803543,1945,Female,64,White,American,19866,1770,4.07,3.83
Willis,Connie,All Clear,2010,656,2011,Nebula Award,SFF Writers of America,Popular,Novel,Adult,English,Sci-fi,Mixed,Primary,https://www.goodreads.com/book/show/6506307-blackout,http://www.librarything.com/work/9534757/book/144803543,1945,Female,64,White,American,19866,1770,4.07,3.83
Willis,Connie,Blackout,2010,491,2011,Hugo Award,World SF Society,Popular,Novel,Adult,English,Sci-fi,Mixed,Primary,https://www.goodreads.com/book/show/7519231-all-clear,http://www.librarything.com/work/8903481/book/144803542,1945,Female,64,White,American,15771,2528,3.84,4.07
Willis,Connie,Blackout,2010,491,2011,Nebula Award,SFF Writers of America,Popular,Novel,Adult,English,Sci-fi,Mixed,Primary,https://www.goodreads.com/book/show/7519231-all-clear,http://www.librarything.com/work/8903481/book/144803542,1945,Female,64,White,American,15771,2528,3.84,4.07
Wilson,Margaret,The Able McLaughlins,1923,262,1924,Pulitzer Prize (Fiction),Pulitzer Prize,Juried,Novel,Adult,English,Literary fiction,Male,Primary,https://www.goodreads.com/book/show/542883.The_Able_McLaughlins,http://www.librarything.com/work/1185508/book/175319869,1882,Female,40,White,American,1036,125,3.38,3.66
Wilson,Robert Charles,Spin,2005,464,2006,Hugo Award,World SF Society,Popular,Novel,Adult,English,Sci-fi,Male,Primary,https://www.goodreads.com/book/show/910863.Spin,http://www.librarything.com/work/49096/book/140983178,1953,Male,51,White,Canadian,32963,3147,3.9699999999999998,4.02
Wolfe,Gene,The Claw of the Conciliator,1981,303,1982,Nebula Award,SFF Writers of America,Popular,Novel,Adult,English,Fantasy,Male,Primary,https://www.goodreads.com/book/show/463376.The_Claw_of_the_Conciliator,http://www.librarything.com/work/99856/book/24622679,1931,Male,49,White,American,9885,1270,4.02,3.97
Wouk,Herman,The Caine Mutiny,1951,560,1952,Pulitzer Prize (Fiction),Pulitzer Prize,Juried,Novel,Adult,English,Literary fiction,Male,Primary,https://www.goodreads.com/book/show/368772.The_Caine_Mutiny,http://www.librarything.com/work/7859/book/175319970,1915,Male,35,White,American,19679,2554,4.26,4.25
Yoshinaga,Fumi,"Ooku: The Inner Chambers, vol. I",2005,216,2009,Otherwise Award,Award: Otherwise,Juried,Graphic novel,YA,Japanese,Literary fiction,Mixed,Primary,https://www.goodreads.com/book/show/6218001-oku,http://www.librarything.com/work/7659011/book/153512656,1971,Male,33,Asian,Japanese,2377,359,3.9899999999999998,3.93
Yoshinaga,Fumi,"Ooku: The Inner Chambers, vol. II",2006,200,2009,Otherwise Award,Award: Otherwise,Juried,Graphic novel,YA,Japanese,Literary fiction,Mixed,Primary,https://www.goodreads.com/book/show/6408561-oku,http://www.librarything.com/work/7858950/book/153512659,1971,Male,34,Asian,Japanese,1145,220,4.109999999999999,4.13
Zelazny,Robert,This Immortal,1965,176,1966,Hugo Award,World SF Society,Popular,Novel,Adult,English,Sci-fi,Male,Primary,https://www.goodreads.com/book/show/13827.This_Immortal,http://www.librarything.com/work/183869/book/155874975,1937,Male,27,White,American,9652,1572,3.77,3.94
Zelazny,Robert,Lord of Light,1968,304,1968,Hugo Award,World SF Society,Popular,Novel,Adult,English,Sci-fi,Male,Primary,https://www.goodreads.com/book/show/13821.Lord_of_Light,http://www.librarything.com/work/20886/book/141877586,1937,Male,30,White,American,25559,4116,4.04,4.1
